compressor,k_values,k0,k1,k2,num_batches,num_samples,correct_count,avg_accuracy,avg_latency,avg_ce_loss,tp0_original_bytes,tp1_original_bytes,tp2_original_bytes,tp0_compressed_bytes,tp1_compressed_bytes,tp2_compressed_bytes,avg_compression_ratio,compressor_policy,llm_policy,outlier_values,outlier0,outlier1,outlier2,avg_payload_ratio,tp0_payload_ratio,tp1_payload_ratio,tp2_payload_ratio
llmint8,"0.3750,0.1563,0.2188",0.3750,0.1563,0.2188,100,10000,9339,0.9339,0.009643883989192546,0.35968484438955783,655360000.0,327680000.0,163840000.0,245766376.0,51206400.0,35846400.0,3.4459552895473786,llmint8_fp16_int4,fp16_int4,"0.5000,0.0000,0.0000",0.5000,0.0000,0.0000,0.2901952915736607,0.375,0.1563,0.2188
llmint8,"0.3750,0.4063,0.2188",0.3750,0.4063,0.2188,100,10000,9339,0.9339,0.009817869015969337,0.35934323087334635,655360000.0,327680000.0,163840000.0,245766376.0,133126396.0,35846400.0,2.765304262120676,llmint8_fp16_int4,fp16_int4,"0.5000,0.5000,0.0000",0.5000,0.5000,0.0000,0.3616238595145089,0.375,0.4063,0.2188
llmint8,"0.5313,0.5313,0.2188",0.5313,0.5313,0.2188,100,10000,9330,0.933,0.00944638298591599,0.3621211238205433,655360000.0,327680000.0,163840000.0,348166400.0,174086400.0,35846400.0,2.054975172872493,llmint8_fp16_int4,fp16_int4,"1.0000,1.0000,0.0000",1.0000,1.0000,0.0000,0.4866238839285714,0.5313,0.5313,0.2188
llmint8,"0.5313,0.1563,0.5313",0.5313,0.1563,0.5313,100,10000,9329,0.9329,0.009411662011407316,0.35538603939116004,655360000.0,327680000.0,163840000.0,348166400.0,51206400.0,87046400.0,2.3578016657237213,llmint8_fp16_int4,fp16_int4,"1.0000,0.0000,1.0000",1.0000,0.0000,1.0000,0.4241238839285714,0.5313,0.1563,0.5313
llmint8,"0.5313,0.5313,0.5313",0.5313,0.5313,0.5313,100,10000,9329,0.9329,0.009617757012601941,0.35775979436933997,655360000.0,327680000.0,163840000.0,348166400.0,174086400.0,87046400.0,1.8822936252008866,llmint8_fp16_int4,fp16_int4,"1.0000,1.0000,1.0000",1.0000,1.0000,1.0000,0.5312667410714286,0.5313,0.5313,0.5313
llmint8,"0.5313,0.5313,0.4688",0.5313,0.5313,0.4688,100,10000,9328,0.9328,0.00898853999329731,0.35776155821979044,655360000.0,327680000.0,163840000.0,348166400.0,174086400.0,76806400.0,1.9144685533583325,llmint8_fp16_int4,fp16_int4,"1.0000,1.0000,0.5000",1.0000,1.0000,0.5000,0.5223381696428572,0.5313,0.5313,0.4688
llmint8,"0.5313,0.1563,0.4688",0.5313,0.1563,0.4688,100,10000,9328,0.9328,0.009349415025208146,0.363705892637372,655360000.0,327680000.0,163840000.0,348166400.0,51206400.0,76806400.0,2.408505033399191,llmint8_fp16_int4,fp16_int4,"1.0000,0.0000,0.5000",1.0000,0.0000,0.5000,0.4151953125,0.5313,0.1563,0.4688
llmint8,"0.5313,0.4063,0.4688",0.5313,0.4063,0.4688,100,10000,9327,0.9327,0.009007344017736613,0.3578138256072998,655360000.0,327680000.0,163840000.0,348166400.0,133126400.0,76806400.0,2.054975172872493,llmint8_fp16_int4,fp16_int4,"1.0000,0.5000,0.5000",1.0000,0.5000,0.5000,0.4866238839285714,0.5313,0.4063,0.4688
llmint8,"0.5313,0.4063,0.5313",0.5313,0.4063,0.5313,100,10000,9327,0.9327,0.009330079022329301,0.35791551776230335,655360000.0,327680000.0,163840000.0,348166400.0,133126400.0,87046400.0,2.0179498440368007,llmint8_fp16_int4,fp16_int4,"1.0000,0.5000,1.0000",1.0000,0.5000,1.0000,0.4955524553571429,0.5313,0.4063,0.5313
llmint8,"0.3750,0.4063,0.5313",0.3750,0.4063,0.5313,100,10000,9325,0.9325,0.00968813001876697,0.3584180572628975,655360000.0,327680000.0,163840000.0,245766376.0,133126396.0,87046400.0,2.4614371766106844,llmint8_fp16_int4,fp16_int4,"0.5000,0.5000,1.0000",0.5000,0.5000,1.0000,0.4062667166573661,0.375,0.4063,0.5313
llmint8,"0.1250,0.1563,0.2188",0.1250,0.1563,0.2188,100,10000,9325,0.9325,0.010970509028993547,0.36286165900528433,655360000.0,327680000.0,163840000.0,81926400.0,51206400.0,35846400.0,6.7871075256599624,llmint8_fp16_int4,fp16_int4,"0.0000,0.0000,0.0000",0.0000,0.0000,0.0000,0.14733816964285715,0.125,0.1563,0.2188
llmint8,"0.5313,0.4063,0.2188",0.5313,0.4063,0.2188,100,10000,9324,0.9324,0.009286068012006581,0.35937626749277113,655360000.0,327680000.0,163840000.0,348166400.0,133126400.0,35846400.0,2.217739440367313,llmint8_fp16_int4,fp16_int4,"1.0000,0.5000,0.0000",1.0000,0.5000,0.0000,0.4509095982142857,0.5313,0.4063,0.2188
llmint8,"0.1250,0.1563,0.5313",0.1250,0.1563,0.5313,100,10000,9323,0.9323,0.0106519200024195,0.36083609752357004,655360000.0,327680000.0,163840000.0,81926400.0,51206400.0,87046400.0,5.208848065575676,llmint8_fp16_int4,fp16_int4,"0.0000,0.0000,1.0000",0.0000,0.0000,1.0000,0.1919810267857143,0.125,0.1563,0.5313
llmint8,"0.3750,0.5313,0.4688",0.3750,0.5313,0.4688,100,10000,9322,0.9322,0.00954362504184246,0.35813100062310693,655360000.0,327680000.0,163840000.0,245766376.0,174086400.0,76806400.0,2.3091891893284986,llmint8_fp16_int4,fp16_int4,"0.5000,1.0000,0.5000",0.5000,1.0000,0.5000,0.43305243443080355,0.375,0.5313,0.4688
llmint8,"0.3750,0.5313,0.5313",0.3750,0.5313,0.5313,100,10000,9322,0.9322,0.00973741700174287,0.3586491622775793,655360000.0,327680000.0,163840000.0,245766376.0,174086400.0,87046400.0,2.2625406674561255,llmint8_fp16_int4,fp16_int4,"0.5000,1.0000,1.0000",0.5000,1.0000,1.0000,0.441981005859375,0.375,0.5313,0.5313
llmint8,"0.1250,0.5313,0.4688",0.1250,0.5313,0.4688,100,10000,9321,0.9321,0.00965682800160721,0.36200364246964456,655360000.0,327680000.0,163840000.0,81926400.0,174086400.0,76806398.0,3.4459550617629935,llmint8_fp16_int4,fp16_int4,"0.0000,1.0000,0.5000",0.0000,1.0000,0.5000,0.2901953107561384,0.125,0.5313,0.4688
llmint8,"0.1250,0.5313,0.2188",0.1250,0.5313,0.2188,100,10000,9320,0.932,0.009719078005291521,0.3651317471265793,655360000.0,327680000.0,163840000.0,81926400.0,174086400.0,35846400.0,3.929566037322106,llmint8_fp16_int4,fp16_int4,"0.0000,1.0000,0.0000",0.0000,1.0000,0.0000,0.25448102678571427,0.125,0.5313,0.2188
llmint8,"0.3750,0.4063,0.4688",0.3750,0.4063,0.4688,100,10000,9318,0.9318,0.009689918996300548,0.3577885640412569,655360000.0,327680000.0,163840000.0,245766376.0,133126398.0,76806400.0,2.5167480334296153,llmint8_fp16_int4,fp16_int4,"0.5000,0.5000,0.5000",0.5000,0.5000,0.5000,0.39733814697265624,0.375,0.4063,0.4688
llmint8,"0.1250,0.4063,0.4688",0.1250,0.4063,0.4688,100,10000,9318,0.9318,0.009878395977430045,0.3646509839594364,655360000.0,327680000.0,163840000.0,81926400.0,133126398.0,76806400.0,3.9295660642499266,llmint8_fp16_int4,fp16_int4,"0.0000,0.5000,0.5000",0.0000,0.5000,0.5000,0.25448102504185266,0.125,0.4063,0.4688
llmint8,"0.3750,0.1563,0.4688",0.3750,0.1563,0.4688,100,10000,9316,0.9316,0.009392091003246606,0.363974037989974,655360000.0,327680000.0,163840000.0,245766376.0,51206400.0,76806400.0,3.068335727723901,llmint8_fp16_int4,fp16_int4,"0.5000,0.0000,0.5000",0.5000,0.0000,0.5000,0.32590957728794645,0.375,0.1563,0.4688
llmint8,"0.3750,0.5313,0.2188",0.3750,0.5313,0.2188,100,10000,9315,0.9315,0.009596742002759128,0.3627585265040398,655360000.0,327680000.0,163840000.0,245766376.0,174086400.0,35846400.0,2.51674802238396,llmint8_fp16_int4,fp16_int4,"0.5000,1.0000,0.0000",0.5000,1.0000,0.0000,0.39733814871651785,0.375,0.5313,0.2188
llmint8,"0.1250,0.5313,0.5313",0.1250,0.5313,0.5313,100,10000,9312,0.9312,0.00967851400608197,0.3622147659212351,655360000.0,327680000.0,163840000.0,81926400.0,174086400.0,87046400.0,3.343096468481242,llmint8_fp16_int4,fp16_int4,"0.0000,1.0000,1.0000",0.0000,1.0000,1.0000,0.2991238839285714,0.125,0.5313,0.5313
llmint8,"0.1250,0.1563,0.4688",0.1250,0.1563,0.4688,100,10000,9312,0.9312,0.00998566702241078,0.36832804188132284,655360000.0,327680000.0,163840000.0,81926400.0,51206400.0,76806400.0,5.462914977288663,llmint8_fp16_int4,fp16_int4,"0.0000,0.0000,0.5000",0.0000,0.0000,0.5000,0.18305245535714285,0.125,0.1563,0.4688
llmint8,"0.1250,0.4063,0.2188",0.1250,0.4063,0.2188,100,10000,9311,0.9311,0.010204042992554604,0.3615623125061393,655360000.0,327680000.0,163840000.0,81926400.0,133126396.0,35846400.0,4.57107881684882,llmint8_fp16_int4,fp16_int4,"0.0000,0.5000,0.0000",0.0000,0.5000,0.0000,0.21876673758370535,0.125,0.4063,0.2188
llmint8,"0.1250,0.4063,0.5313",0.1250,0.4063,0.5313,100,10000,9310,0.931,0.009519627986010163,0.3627075768262148,655360000.0,327680000.0,163840000.0,81926400.0,133126398.0,87046400.0,3.796368899992909,llmint8_fp16_int4,fp16_int4,"0.0000,0.5000,1.0000",0.0000,0.5000,1.0000,0.2634095964704241,0.125,0.4063,0.5313
llmint8,"0.3750,0.1563,0.5313",0.3750,0.1563,0.5313,100,10000,9310,0.931,0.009924836009740829,0.36319861724972724,655360000.0,327680000.0,163840000.0,245766376.0,51206400.0,87046400.0,2.98651752744764,llmint8_fp16_int4,fp16_int4,"0.5000,0.0000,1.0000",0.5000,0.0000,1.0000,0.33483814871651785,0.375,0.1563,0.5313
llmint8,"0.5313,0.1563,0.2188",0.5313,0.1563,0.2188,100,10000,9309,0.9309,0.009506636038422585,0.3657840532064438,655360000.0,327680000.0,163840000.0,348166400.0,51206400.0,35846400.0,2.635177859800303,llmint8_fp16_int4,fp16_int4,"1.0000,0.0000,0.0000",1.0000,0.0000,0.0000,0.37948102678571427,0.5313,0.1563,0.2188
topk,"1.0,1.0,1.0",1.0000,1.0000,1.0000,20,10000,9328,0.9328,0.0103276149951852,0.3564586617052555,655360000.0,327680000.0,163840000.0,655360000.0,327680000.0,163840000.0,1.0,topk,,,,,,,,,
topk,"1.0,1.0,0.75",1.0000,1.0000,0.7500,20,10000,9328,0.9328,0.0109645200078375,0.3564586617052555,655360000.0,327680000.0,163840000.0,655360000.0,327680000.0,128001280.0,1.0322568752800976,topk,,,,,,,,,
topk,"1.0,0.9,1.0",1.0000,0.9000,1.0000,20,10000,9328,0.9328,0.0115060100448317,0.3564586617052555,655360000.0,327680000.0,163840000.0,655360000.0,305121280.0,163840000.0,1.0200643004817982,topk,,,,,,,,,
topk,"1.0,1.0,0.9",1.0000,1.0000,0.9000,20,10000,9328,0.9328,0.0119079149793833,0.3564586617052555,655360000.0,327680000.0,163840000.0,655360000.0,327680000.0,152561280.0,1.0099319366741115,topk,,,,,,,,,
topk,"1.0,0.9,0.9",1.0000,0.9000,0.9000,20,10000,9328,0.9328,0.0120773400412872,0.3564586617052555,655360000.0,327680000.0,163840000.0,655360000.0,305121280.0,152561280.0,1.0304008500807014,topk,,,,,,,,,
topk,"1.0,0.9,0.75",1.0000,0.9000,0.7500,20,10000,9328,0.9328,0.0120837800553999,0.3564586617052555,655360000.0,327680000.0,163840000.0,655360000.0,305121280.0,128001280.0,1.053650322151234,topk,,,,,,,,,
topk,"0.9,0.75,0.5",0.9000,0.7500,0.5000,20,10000,9327,0.9327,0.0105839149793609,0.3557188838720321,655360000.0,327680000.0,163840000.0,610281280.0,256001280.0,87041280.0,1.2030329588736604,topk,,,,,,,,,
topk,"1.0,0.75,0.75",1.0000,0.7500,0.7500,20,10000,9327,0.9327,0.0108625450520776,0.3564504876732826,655360000.0,327680000.0,163840000.0,655360000.0,256001280.0,128001280.0,1.1034455580158669,topk,,,,,,,,,
topk,"0.9,1.0,0.5",0.9000,1.0000,0.5000,20,10000,9327,0.9327,0.0112106850021518,0.3558025114238262,655360000.0,327680000.0,163840000.0,610281280.0,327680000.0,87041280.0,1.1189045225408998,topk,,,,,,,,,
topk,"1.0,0.75,1.0",1.0000,0.7500,1.0000,20,10000,9327,0.9327,0.0119343399768695,0.3564504876732826,655360000.0,327680000.0,163840000.0,655360000.0,256001280.0,163840000.0,1.0666653968269086,topk,,,,,,,,,
topk,"0.9,0.9,0.5",0.9000,0.9000,0.5000,20,10000,9327,0.9327,0.0123065399588085,0.3558025114238262,655360000.0,327680000.0,163840000.0,610281280.0,305121280.0,87041280.0,1.1440840416556404,topk,,,,,,,,,
topk,"1.0,0.75,0.9",1.0000,0.7500,0.9000,20,10000,9327,0.9327,0.0130976700223982,0.3564504876732826,655360000.0,327680000.0,163840000.0,655360000.0,256001280.0,152561280.0,1.077973193838469,topk,,,,,,,,,
topk,"1.0,0.75,0.5",1.0000,0.7500,0.5000,20,10000,9326,0.9326,0.0108633699594065,0.355651880800724,655360000.0,327680000.0,163840000.0,655360000.0,256001280.0,87041280.0,1.1487150032948634,topk,,,,,,,,,
topk,"0.9,0.75,1.0",0.9000,0.7500,1.0000,20,10000,9326,0.9326,0.0112879900261759,0.3565127499401569,655360000.0,327680000.0,163840000.0,610281280.0,256001280.0,163840000.0,1.113343251117615,topk,,,,,,,,,
topk,"0.9,0.75,0.9",0.9000,0.7500,0.9000,20,10000,9326,0.9326,0.0113273899187333,0.3565127499401569,655360000.0,327680000.0,163840000.0,610281280.0,256001280.0,152561280.0,1.125668090607487,topk,,,,,,,,,
topk,"0.9,0.75,0.75",0.9000,0.7500,0.7500,20,10000,9326,0.9326,0.0118211900698952,0.3565127499401569,655360000.0,327680000.0,163840000.0,610281280.0,256001280.0,128001280.0,1.1534734387315395,topk,,,,,,,,,
topk,"0.9,0.9,1.0",0.9000,0.9000,1.0000,20,10000,9325,0.9325,0.0104155249544419,0.3565447524189949,655360000.0,327680000.0,163840000.0,610281280.0,305121280.0,163840000.0,1.062671212669745,topk,,,,,,,,,
topk,"0.9,0.9,0.75",0.9000,0.9000,0.7500,20,10000,9325,0.9325,0.0107803100254386,0.3565447524189949,655360000.0,327680000.0,163840000.0,610281280.0,305121280.0,128001280.0,1.0991717262608502,topk,,,,,,,,,
topk,"0.9,1.0,0.75",0.9000,1.0000,0.7500,20,10000,9325,0.9325,0.0117213049903512,0.3565447524189949,655360000.0,327680000.0,163840000.0,610281280.0,327680000.0,128001280.0,1.0759102083285177,topk,,,,,,,,,
topk,"0.9,1.0,0.9",0.9000,1.0000,0.9000,20,10000,9325,0.9325,0.0119977650116197,0.3565447524189949,655360000.0,327680000.0,163840000.0,610281280.0,327680000.0,152561280.0,1.051679297675419,topk,,,,,,,,,
topk,"0.9,0.9,0.9",0.9000,0.9000,0.9000,20,10000,9325,0.9325,0.0126053600339218,0.3565447524189949,655360000.0,327680000.0,163840000.0,610281280.0,305121280.0,152561280.0,1.0738940374610435,topk,,,,,,,,,
topk,"0.9,1.0,1.0",0.9000,1.0000,1.0000,20,10000,9325,0.9325,0.013512225006707,0.3565447524189949,655360000.0,327680000.0,163840000.0,610281280.0,327680000.0,163840000.0,1.040913657315773,topk,,,,,,,,,
topk,"1.0,1.0,0.5",1.0000,1.0000,0.5000,20,10000,9324,0.9324,0.0108614600263535,0.3556217916309833,655360000.0,327680000.0,163840000.0,655360000.0,327680000.0,87041280.0,1.0717690529078314,topk,,,,,,,,,
topk,"1.0,0.9,0.5",1.0000,0.9000,0.5000,20,10000,9324,0.9324,0.0109489848837256,0.3556217916309833,655360000.0,327680000.0,163840000.0,655360000.0,305121280.0,87041280.0,1.0948499285781492,topk,,,,,,,,,
topk,"1.0,0.5,0.5",1.0000,0.5000,0.5000,20,10000,9319,0.9319,0.012560359982308,0.3592572800815105,655360000.0,327680000.0,163840000.0,655360000.0,174081280.0,87041280.0,1.2513931525330937,topk,,,,,,,,,
topk,"1.0,0.5,0.9",1.0000,0.5000,0.9000,20,10000,9316,0.9316,0.0107576449867337,0.3596734158694744,655360000.0,327680000.0,163840000.0,655360000.0,174081280.0,152561280.0,1.167899195700671,topk,,,,,,,,,
topk,"1.0,0.5,0.75",1.0000,0.5000,0.7500,20,10000,9316,0.9316,0.0110118649783544,0.3596734158694744,655360000.0,327680000.0,163840000.0,655360000.0,174081280.0,128001280.0,1.1978577597386104,topk,,,,,,,,,
topk,"1.0,0.5,1.0",1.0000,0.5000,1.0000,20,10000,9316,0.9316,0.0117961499490775,0.3596734158694744,655360000.0,327680000.0,163840000.0,655360000.0,174081280.0,163840000.0,1.154637687322568,topk,,,,,,,,,
topk,"0.9,0.5,0.5",0.9000,0.5000,0.5000,20,10000,9316,0.9316,0.0119803099893033,0.3600742876529693,655360000.0,327680000.0,163840000.0,610281280.0,174081280.0,87041280.0,1.316129155455638,topk,,,,,,,,,
topk,"0.9,0.5,0.9",0.9000,0.5000,0.9000,20,10000,9315,0.9315,0.0104436250403523,0.3605225391685963,655360000.0,327680000.0,163840000.0,610281280.0,174081280.0,152561280.0,1.224090957062209,topk,,,,,,,,,
topk,"0.9,0.5,1.0",0.9000,0.5000,1.0000,20,10000,9315,0.9315,0.0113827450200915,0.3605225391685963,655360000.0,327680000.0,163840000.0,610281280.0,174081280.0,163840000.0,1.2095305880633775,topk,,,,,,,,,
topk,"0.9,0.5,0.75",0.9000,0.5000,0.7500,20,10000,9315,0.9315,0.0116261049755848,0.3605225391685963,655360000.0,327680000.0,163840000.0,610281280.0,174081280.0,128001280.0,1.2570423659052512,topk,,,,,,,,,
topk,"1.0,1.0,0.25",1.0000,1.0000,0.2500,20,10000,9312,0.9312,0.0110592849901877,0.3536740124225616,655360000.0,327680000.0,163840000.0,655360000.0,327680000.0,46081280.0,1.1144264745939372,topk,,,,,,,,,
topk,"1.0,0.9,0.25",1.0000,0.9000,0.2500,20,10000,9312,0.9312,0.011210555024445,0.3536740124225616,655360000.0,327680000.0,163840000.0,655360000.0,305121280.0,46081280.0,1.1394026020598262,topk,,,,,,,,,
topk,"0.9,0.9,0.25",0.9000,0.9000,0.2500,20,10000,9311,0.9311,0.011134499986656,0.3536631435155868,655360000.0,327680000.0,163840000.0,610281280.0,305121280.0,46081280.0,1.1928229599781937,topk,,,,,,,,,
topk,"0.9,1.0,0.25",0.9000,1.0000,0.2500,20,10000,9311,0.9311,0.0112194900168105,0.3536631435155868,655360000.0,327680000.0,163840000.0,610281280.0,327680000.0,46081280.0,1.165478045990206,topk,,,,,,,,,
topk,"1.0,0.75,0.25",1.0000,0.7500,0.2500,20,10000,9310,0.931,0.0097443250473588,0.3535444065928459,655360000.0,327680000.0,163840000.0,655360000.0,256001280.0,46081280.0,1.1978577597386104,topk,,,,,,,,,
topk,"0.9,0.75,0.25",0.9000,0.7500,0.2500,20,10000,9310,0.931,0.0104511399869807,0.353193224966526,655360000.0,327680000.0,163840000.0,610281280.0,256001280.0,46081280.0,1.2570423659052512,topk,,,,,,,,,
topk,"0.9,0.5,0.25",0.9000,0.5000,0.2500,20,10000,9295,0.9295,0.0116971749579533,0.3570530563592911,655360000.0,327680000.0,163840000.0,610281280.0,174081280.0,46081280.0,1.3810446230777027,topk,,,,,,,,,
topk,"1.0,0.5,0.25",1.0000,0.5000,0.2500,20,10000,9293,0.9293,0.0113903399207629,0.3569306269288063,655360000.0,327680000.0,163840000.0,655360000.0,174081280.0,46081280.0,1.309937690240672,topk,,,,,,,,,
topk,"0.75,0.9,0.5",0.7500,0.9000,0.5000,20,10000,9288,0.9288,0.0106135699432343,0.3685003362596035,655360000.0,327680000.0,163840000.0,512001280.0,305121280.0,87041280.0,1.2684426751682527,topk,,,,,,,,,
topk,"0.75,1.0,0.5",0.7500,1.0000,0.5000,20,10000,9288,0.9288,0.0113758900435641,0.3685003362596035,655360000.0,327680000.0,163840000.0,512001280.0,327680000.0,87041280.0,1.2375656420838617,topk,,,,,,,,,
topk,"0.75,0.75,0.5",0.7500,0.7500,0.5000,20,10000,9287,0.9287,0.0120256899739615,0.368597661703825,655360000.0,327680000.0,163840000.0,512001280.0,256001280.0,87041280.0,1.3413113414161313,topk,,,,,,,,,
topk,"0.75,0.75,0.9",0.7500,0.7500,0.9000,20,10000,9284,0.9284,0.0104961300152353,0.3694302402436733,655360000.0,327680000.0,163840000.0,512001280.0,256001280.0,152561280.0,1.2458451550736558,topk,,,,,,,,,
topk,"0.75,0.75,0.75",0.7500,0.7500,0.7500,20,10000,9284,0.9284,0.0105978750623762,0.3694302402436733,655360000.0,327680000.0,163840000.0,512001280.0,256001280.0,128001280.0,1.2799945143092244,topk,,,,,,,,,
topk,"0.75,0.75,1.0",0.7500,0.7500,1.0000,20,10000,9284,0.9284,0.0107230699039064,0.3694302402436733,655360000.0,327680000.0,163840000.0,512001280.0,256001280.0,163840000.0,1.2307658495443694,topk,,,,,,,,,
topk,"0.75,1.0,0.9",0.7500,1.0000,0.9000,20,10000,9283,0.9283,0.010503345017787,0.3693787895143032,655360000.0,327680000.0,163840000.0,512001280.0,327680000.0,152561280.0,1.155846409168339,topk,,,,,,,,,
topk,"0.75,1.0,0.75",0.7500,1.0000,0.7500,20,10000,9283,0.9283,0.0108234150451608,0.3693787895143032,655360000.0,327680000.0,163840000.0,512001280.0,327680000.0,128001280.0,1.185182049782937,topk,,,,,,,,,
topk,"0.75,1.0,1.0",0.7500,1.0000,1.0000,20,10000,9283,0.9283,0.0113115000538527,0.3693787895143032,655360000.0,327680000.0,163840000.0,512001280.0,327680000.0,163840000.0,1.142855685133055,topk,,,,,,,,,
topk,"0.75,0.9,0.75",0.7500,0.9000,0.7500,20,10000,9283,0.9283,0.0116334099671803,0.3693787895143032,655360000.0,327680000.0,163840000.0,512001280.0,305121280.0,128001280.0,1.2134706071957724,topk,,,,,,,,,
topk,"0.75,0.9,0.9",0.7500,0.9000,0.9000,20,10000,9283,0.9283,0.0117207399336621,0.3693787895143032,655360000.0,327680000.0,163840000.0,512001280.0,305121280.0,152561280.0,1.182736014245633,topk,,,,,,,,,
topk,"0.75,0.9,1.0",0.7500,0.9000,1.0000,20,10000,9283,0.9283,0.0118243000470101,0.3693787895143032,655360000.0,327680000.0,163840000.0,512001280.0,305121280.0,163840000.0,1.169137382776362,topk,,,,,,,,,
topk,"0.75,0.5,0.75",0.7500,0.5000,0.7500,20,10000,9275,0.9275,0.010602499928791,0.3772830680012703,655360000.0,327680000.0,163840000.0,512001280.0,174081280.0,128001280.0,1.4087983861711344,topk,,,,,,,,,
topk,"0.75,0.5,1.0",0.7500,0.5000,1.0000,20,10000,9275,0.9275,0.0106239149346947,0.3772830680012703,655360000.0,327680000.0,163840000.0,512001280.0,174081280.0,163840000.0,1.349393525923115,topk,,,,,,,,,
topk,"0.75,0.5,0.9",0.7500,0.5000,0.9000,20,10000,9275,0.9275,0.0109129050048068,0.3772830680012703,655360000.0,327680000.0,163840000.0,512001280.0,174081280.0,152561280.0,1.3675411960338253,topk,,,,,,,,,
topk,"0.75,0.5,0.5",0.7500,0.5000,0.5000,20,10000,9274,0.9274,0.0109603999415412,0.3769658654928207,655360000.0,327680000.0,163840000.0,512001280.0,174081280.0,87041280.0,1.4834363405479774,topk,,,,,,,,,
topk,"0.75,0.75,0.25",0.7500,0.7500,0.2500,20,10000,9272,0.9272,0.0103915499639697,0.3643121883273125,655360000.0,327680000.0,163840000.0,512001280.0,256001280.0,46081280.0,1.4087983861711344,topk,,,,,,,,,
topk,"0.75,0.9,0.25",0.7500,0.9000,0.2500,20,10000,9272,0.9272,0.0111440699198283,0.363986487686634,655360000.0,327680000.0,163840000.0,512001280.0,305121280.0,46081280.0,1.3286317169302675,topk,,,,,,,,,
topk,"0.75,1.0,0.25",0.7500,1.0000,0.2500,20,10000,9272,0.9272,0.0121520149521529,0.363986487686634,655360000.0,327680000.0,163840000.0,512001280.0,327680000.0,46081280.0,1.294793945682238,topk,,,,,,,,,
topk,"0.75,0.5,0.25",0.7500,0.5000,0.2500,20,10000,9259,0.9259,0.0111647050012834,0.37401088103652,655360000.0,327680000.0,163840000.0,512001280.0,174081280.0,46081280.0,1.5664253509159918,topk,,,,,,,,,
topk,"0.9,1.0,0.125",0.9000,1.0000,0.1250,20,10000,9206,0.9206,0.011069744976703,0.3867199897766113,655360000.0,327680000.0,163840000.0,610281280.0,327680000.0,25601280.0,1.1902496502147195,topk,,,,,,,,,
topk,"0.9,0.9,0.125",0.9000,0.9000,0.1250,20,10000,9206,0.9206,0.0110833249404095,0.3867199897766113,655360000.0,327680000.0,163840000.0,610281280.0,305121280.0,25601280.0,1.2187835492786088,topk,,,,,,,,,
topk,"0.9,0.75,0.125",0.9000,0.7500,0.1250,20,10000,9205,0.9205,0.0116706850123591,0.3867317125201225,655360000.0,327680000.0,163840000.0,610281280.0,256001280.0,25601280.0,1.2859073665915957,topk,,,,,,,,,
topk,"1.0,0.75,0.125",1.0000,0.7500,0.1250,20,10000,9203,0.9203,0.0119832850061357,0.3865929201245308,655360000.0,327680000.0,163840000.0,655360000.0,256001280.0,25601280.0,1.2240403714743948,topk,,,,,,,,,
topk,"1.0,1.0,0.125",1.0000,1.0000,0.1250,20,10000,9201,0.9201,0.0108253949787467,0.3863898664712906,655360000.0,327680000.0,163840000.0,655360000.0,327680000.0,25601280.0,1.137054394601022,topk,,,,,,,,,
topk,"1.0,0.9,0.125",1.0000,0.9000,0.1250,20,10000,9201,0.9201,0.0128159399610012,0.3863898664712906,655360000.0,327680000.0,163840000.0,655360000.0,305121280.0,25601280.0,1.1630669139914611,topk,,,,,,,,,
topk,"0.75,1.0,0.125",0.7500,1.0000,0.1250,20,10000,9182,0.9182,0.0114349700277671,0.3963813260197639,655360000.0,327680000.0,163840000.0,512001280.0,327680000.0,25601280.0,1.325439865562528,topk,,,,,,,,,
topk,"0.75,0.9,0.125",0.7500,0.9000,0.1250,20,10000,9182,0.9182,0.0123198450542986,0.3963813260197639,655360000.0,327680000.0,163840000.0,512001280.0,305121280.0,25601280.0,1.360920322368001,topk,,,,,,,,,
topk,"1.0,0.5,0.125",1.0000,0.5000,0.1250,20,10000,9180,0.918,0.0101083450368605,0.3992713302373886,655360000.0,327680000.0,163840000.0,655360000.0,174081280.0,25601280.0,1.3413133493612297,topk,,,,,,,,,
topk,"0.9,0.5,0.125",0.9000,0.5000,0.1250,20,10000,9176,0.9176,0.0108848849777132,0.398304234445095,655360000.0,327680000.0,163840000.0,610281280.0,174081280.0,25601280.0,1.4159644460177383,topk,,,,,,,,,
topk,"0.75,0.75,0.125",0.7500,0.7500,0.1250,20,10000,9176,0.9176,0.0109007398714311,0.3972125947475433,655360000.0,327680000.0,163840000.0,512001280.0,256001280.0,25601280.0,1.4451542976404952,topk,,,,,,,,,
topk,"0.75,0.5,0.125",0.7500,0.5000,0.1250,20,10000,9150,0.915,0.0113660500384867,0.4135787367820739,655360000.0,327680000.0,163840000.0,512001280.0,174081280.0,25601280.0,1.611502096211711,topk,,,,,,,,,
topk,"0.9,0.25,0.9",0.9000,0.2500,0.9000,20,10000,9098,0.9098,0.0106630249298177,0.458639457821846,655360000.0,327680000.0,163840000.0,610281280.0,92161280.0,152561280.0,1.3413740925420874,topk,,,,,,,,,
topk,"0.9,0.25,1.0",0.9000,0.2500,1.0000,20,10000,9098,0.9098,0.0110091799870133,0.458639457821846,655360000.0,327680000.0,163840000.0,610281280.0,92161280.0,163840000.0,1.3239098337614,topk,,,,,,,,,
topk,"1.0,0.25,0.5",1.0000,0.2500,0.5000,20,10000,9098,0.9098,0.0110280400025658,0.4595858350396156,655360000.0,327680000.0,163840000.0,655360000.0,92161280.0,87041280.0,1.374228913408241,topk,,,,,,,,,
topk,"0.9,0.25,0.75",0.9000,0.2500,0.7500,20,10000,9098,0.9098,0.0115175099577754,0.458639457821846,655360000.0,327680000.0,163840000.0,610281280.0,92161280.0,128001280.0,1.3810446230777027,topk,,,,,,,,,
topk,"1.0,0.25,1.0",1.0000,0.2500,1.0000,20,10000,9096,0.9096,0.0101844100281596,0.4591824904084206,655360000.0,327680000.0,163840000.0,655360000.0,92161280.0,163840000.0,1.258425198841013,topk,,,,,,,,,
topk,"1.0,0.25,0.9",1.0000,0.2500,0.9000,20,10000,9096,0.9096,0.010243619873654,0.4591824904084206,655360000.0,327680000.0,163840000.0,655360000.0,92161280.0,152561280.0,1.274194225027535,topk,,,,,,,,,
topk,"1.0,0.25,0.75",1.0000,0.2500,0.7500,20,10000,9096,0.9096,0.0115334050031378,0.4591824904084206,655360000.0,327680000.0,163840000.0,655360000.0,92161280.0,128001280.0,1.309937690240672,topk,,,,,,,,,
topk,"0.9,0.25,0.5",0.9000,0.2500,0.5000,20,10000,9094,0.9094,0.0129509099642746,0.4591244876384735,655360000.0,327680000.0,163840000.0,610281280.0,92161280.0,87041280.0,1.4526959791855905,topk,,,,,,,,,
topk,"0.75,0.25,0.75",0.7500,0.2500,0.7500,20,10000,9054,0.9054,0.0103237650124356,0.4777570977807045,655360000.0,327680000.0,163840000.0,512001280.0,92161280.0,128001280.0,1.5664253509159918,topk,,,,,,,,,
topk,"0.75,0.25,0.9",0.7500,0.2500,0.9000,20,10000,9054,0.9054,0.010702314984519,0.4777570977807045,655360000.0,327680000.0,163840000.0,512001280.0,92161280.0,152561280.0,1.5155859236574336,topk,,,,,,,,,
topk,"0.75,0.25,1.0",0.7500,0.2500,1.0000,20,10000,9054,0.9054,0.011031579982955,0.4777570977807045,655360000.0,327680000.0,163840000.0,512001280.0,92161280.0,163840000.0,1.4933283555721482,topk,,,,,,,,,
topk,"0.75,0.25,0.5",0.7500,0.2500,0.5000,20,10000,9053,0.9053,0.0107480999547988,0.4777073606848717,655360000.0,327680000.0,163840000.0,512001280.0,92161280.0,87041280.0,1.6592500412034747,topk,,,,,,,,,
topk,"1.0,0.25,0.25",1.0000,0.2500,0.2500,20,10000,9046,0.9046,0.0106316750054247,0.4662643805146217,655360000.0,327680000.0,163840000.0,655360000.0,92161280.0,46081280.0,1.4451566285270048,topk,,,,,,,,,
topk,"0.9,0.25,0.25",0.9000,0.2500,0.2500,20,10000,9042,0.9042,0.0106676850817166,0.4655417129397392,655360000.0,327680000.0,163840000.0,610281280.0,92161280.0,46081280.0,1.532189008168397,topk,,,,,,,,,
topk,"0.75,0.25,0.25",0.7500,0.2500,0.2500,20,10000,9025,0.9025,0.0107637299224734,0.4820161789655685,655360000.0,327680000.0,163840000.0,512001280.0,92161280.0,46081280.0,1.7637691115997347,topk,,,,,,,,,
topk,"0.5,0.75,0.5",0.5000,0.7500,0.5000,20,10000,8978,0.8978,0.0117179650464095,0.5463148787617683,655360000.0,327680000.0,163840000.0,348161280.0,256001280.0,87041280.0,1.6592500412034747,topk,,,,,,,,,
topk,"0.5,1.0,0.5",0.5000,1.0000,0.5000,20,10000,8977,0.8977,0.0106727699399925,0.5461636558175087,655360000.0,327680000.0,163840000.0,348161280.0,327680000.0,87041280.0,1.5033506598971145,topk,,,,,,,,,
topk,"0.5,0.9,0.5",0.5000,0.9000,0.5000,20,10000,8977,0.8977,0.0116107549518346,0.5461636558175087,655360000.0,327680000.0,163840000.0,348161280.0,305121280.0,87041280.0,1.549159891973761,topk,,,,,,,,,
topk,"0.5,0.75,0.75",0.5000,0.7500,0.7500,20,10000,8975,0.8975,0.0105939600616693,0.5479196771979332,655360000.0,327680000.0,163840000.0,348161280.0,256001280.0,128001280.0,1.5664253509159918,topk,,,,,,,,,
topk,"0.5,0.75,1.0",0.5000,0.7500,1.0000,20,10000,8975,0.8975,0.0107005749945528,0.5479196771979332,655360000.0,327680000.0,163840000.0,348161280.0,256001280.0,163840000.0,1.4933283555721482,topk,,,,,,,,,
topk,"0.5,0.75,0.9",0.5000,0.7500,0.9000,20,10000,8975,0.8975,0.0118142700870521,0.5479196771979332,655360000.0,327680000.0,163840000.0,348161280.0,256001280.0,152561280.0,1.5155859236574336,topk,,,,,,,,,
topk,"0.5,1.0,1.0",0.5000,1.0000,1.0000,20,10000,8974,0.8974,0.0107054600375704,0.5477766335010529,655360000.0,327680000.0,163840000.0,348161280.0,327680000.0,163840000.0,1.3658515764457675,topk,,,,,,,,,
topk,"0.5,1.0,0.75",0.5000,1.0000,0.7500,20,10000,8974,0.8974,0.0109214000054635,0.5477766335010529,655360000.0,327680000.0,163840000.0,348161280.0,327680000.0,128001280.0,1.4267470485762783,topk,,,,,,,,,
topk,"0.5,1.0,0.9",0.5000,1.0000,0.9000,20,10000,8974,0.8974,0.0113505000481382,0.5477766335010529,655360000.0,327680000.0,163840000.0,348161280.0,327680000.0,152561280.0,1.3844476772259129,topk,,,,,,,,,
topk,"0.5,0.9,0.9",0.5000,0.9000,0.9000,20,10000,8974,0.8974,0.0122555899666622,0.5477766335010529,655360000.0,327680000.0,163840000.0,348161280.0,305121280.0,152561280.0,1.423203781020402,topk,,,,,,,,,
topk,"0.5,0.9,1.0",0.5000,0.9000,1.0000,20,10000,8974,0.8974,0.0127072400064207,0.5477766335010529,655360000.0,327680000.0,163840000.0,348161280.0,305121280.0,163840000.0,1.4035593387606382,topk,,,,,,,,,
topk,"0.5,0.9,0.75",0.5000,0.9000,0.7500,20,10000,8974,0.8974,0.0132963150274008,0.5477766335010529,655360000.0,327680000.0,163840000.0,348161280.0,305121280.0,128001280.0,1.4679428157633467,topk,,,,,,,,,
topk,"0.5,0.75,0.25",0.5000,0.7500,0.2500,20,10000,8972,0.8972,0.0109090349636971,0.5250081717967987,655360000.0,327680000.0,163840000.0,348161280.0,256001280.0,46081280.0,1.7637691115997347,topk,,,,,,,,,
topk,"0.5,0.9,0.25",0.5000,0.9000,0.2500,20,10000,8971,0.8971,0.0104134049732238,0.5250067785382271,655360000.0,327680000.0,163840000.0,348161280.0,305121280.0,46081280.0,1.6398903323340253,topk,,,,,,,,,
topk,"0.5,1.0,0.25",0.5000,1.0000,0.2500,20,10000,8971,0.8971,0.0106529299984686,0.5250067785382271,655360000.0,327680000.0,163840000.0,348161280.0,327680000.0,46081280.0,1.5886468487700398,topk,,,,,,,,,
topk,"0.5,0.5,1.0",0.5000,0.5000,1.0000,20,10000,8949,0.8949,0.0098282899823971,0.5762289047241211,655360000.0,327680000.0,163840000.0,348161280.0,174081280.0,163840000.0,1.6716355535986809,topk,,,,,,,,,
topk,"0.5,0.5,0.9",0.5000,0.5000,0.9000,20,10000,8949,0.8949,0.0101816199254244,0.5762289047241211,655360000.0,327680000.0,163840000.0,348161280.0,174081280.0,152561280.0,1.6995753906794602,topk,,,,,,,,,
topk,"0.5,0.5,0.75",0.5000,0.5000,0.7500,20,10000,8949,0.8949,0.0102508199866861,0.5762289047241211,655360000.0,327680000.0,163840000.0,348161280.0,174081280.0,128001280.0,1.7637691115997347,topk,,,,,,,,,
topk,"0.5,0.5,0.5",0.5000,0.5000,0.5000,20,10000,8940,0.894,0.0103795899543911,0.5749636739492416,655360000.0,327680000.0,163840000.0,348161280.0,174081280.0,87041280.0,1.8823410776822835,topk,,,,,,,,,
topk,"0.5,0.5,0.25",0.5000,0.5000,0.2500,20,10000,8933,0.8933,0.0116459199925884,0.5557151347398758,655360000.0,327680000.0,163840000.0,348161280.0,174081280.0,46081280.0,2.018004382853269,topk,,,,,,,,,
topk,"0.9,0.25,0.125",0.9000,0.2500,0.1250,20,10000,8923,0.8923,0.010898274986539,0.4973475500941277,655360000.0,327680000.0,163840000.0,610281280.0,92161280.0,25601280.0,1.5752897517819806,topk,,,,,,,,,
topk,"1.0,0.25,0.125",1.0000,0.2500,0.1250,20,10000,8922,0.8922,0.0109719000640325,0.4987517669796943,655360000.0,327680000.0,163840000.0,655360000.0,92161280.0,25601280.0,1.4834387965602762,topk,,,,,,,,,
topk,"0.75,0.25,0.125",0.7500,0.2500,0.1250,20,10000,8909,0.8909,0.0117954449844546,0.5106293842196464,655360000.0,327680000.0,163840000.0,512001280.0,92161280.0,25601280.0,1.8211271069485349,topk,,,,,,,,,
topk,"0.5,0.9,0.125",0.5000,0.9000,0.1250,20,10000,8891,0.8891,0.0115425099967978,0.5372646942734718,655360000.0,327680000.0,163840000.0,348161280.0,305121280.0,25601280.0,1.6893611725976567,topk,,,,,,,,,
topk,"0.5,1.0,0.125",0.5000,1.0000,0.1250,20,10000,8891,0.8891,0.012139000010211,0.5372646942734718,655360000.0,327680000.0,163840000.0,348161280.0,327680000.0,25601280.0,1.6350305290856604,topk,,,,,,,,,
topk,"0.5,0.75,0.125",0.5000,0.7500,0.1250,20,10000,8887,0.8887,0.0105109199997968,0.5376130729913712,655360000.0,327680000.0,163840000.0,348161280.0,256001280.0,25601280.0,1.8211271069485349,topk,,,,,,,,,
topk,"0.5,0.5,0.125",0.5000,0.5000,0.1250,20,10000,8854,0.8854,0.0104487650096416,0.5663973227143287,655360000.0,327680000.0,163840000.0,348161280.0,174081280.0,25601280.0,2.0934432702574512,topk,,,,,,,,,
topk,"0.5,0.25,0.9",0.5000,0.2500,0.9000,20,10000,8700,0.87,0.0102397050475701,0.7181387394666672,655360000.0,327680000.0,163840000.0,348161280.0,92161280.0,152561280.0,1.934409276528772,topk,,,,,,,,,
topk,"0.5,0.25,0.75",0.5000,0.2500,0.7500,20,10000,8700,0.87,0.0111531050177291,0.7181387394666672,655360000.0,327680000.0,163840000.0,348161280.0,92161280.0,128001280.0,2.018004382853269,topk,,,,,,,,,
topk,"0.5,0.25,1.0",0.5000,0.2500,1.0000,20,10000,8700,0.87,0.0118367600254714,0.7181387394666672,655360000.0,327680000.0,163840000.0,348161280.0,92161280.0,163840000.0,1.8982970411142328,topk,,,,,,,,,
topk,"0.5,0.25,0.5",0.5000,0.2500,0.5000,20,10000,8697,0.8697,0.0107521899975836,0.7173878788948059,655360000.0,327680000.0,163840000.0,348161280.0,92161280.0,87041280.0,2.1747414460574315,topk,,,,,,,,,
topk,"0.5,0.25,0.25",0.5000,0.2500,0.2500,20,10000,8680,0.868,0.0104679549811407,0.6999745398759842,655360000.0,327680000.0,163840000.0,348161280.0,92161280.0,46081280.0,2.3578761220306155,topk,,,,,,,,,
topk,"0.5,0.25,0.125",0.5000,0.2500,0.1250,20,10000,8611,0.8611,0.0100812650402076,0.6920146495103836,655360000.0,327680000.0,163840000.0,348161280.0,92161280.0,25601280.0,2.4615181743007613,topk,,,,,,,,,
topk,"0.9,0.125,0.9",0.9000,0.1250,0.9000,20,10000,8481,0.8481,0.010091290064156,0.7352006822824478,655360000.0,327680000.0,163840000.0,610281280.0,51201280.0,152561280.0,1.4088676108647908,topk,,,,,,,,,
topk,"0.9,0.125,1.0",0.9000,0.1250,1.0000,20,10000,8481,0.8481,0.0102728500263765,0.7352006822824478,655360000.0,327680000.0,163840000.0,610281280.0,51201280.0,163840000.0,1.3896142618469074,topk,,,,,,,,,
topk,"0.9,0.125,0.75",0.9000,0.1250,0.7500,20,10000,8481,0.8481,0.0105949150165542,0.7352006822824478,655360000.0,327680000.0,163840000.0,610281280.0,51201280.0,128001280.0,1.4526959791855905,topk,,,,,,,,,
topk,"0.9,0.125,0.5",0.9000,0.1250,0.5000,20,10000,8480,0.848,0.0105247450526803,0.7355753809213639,655360000.0,327680000.0,163840000.0,610281280.0,51201280.0,87041280.0,1.532189008168397,topk,,,,,,,,,
topk,"1.0,0.125,0.5",1.0000,0.1250,0.5000,20,10000,8477,0.8477,0.0109965950250625,0.7362519323825836,655360000.0,327680000.0,163840000.0,655360000.0,51201280.0,87041280.0,1.4451566285270048,topk,,,,,,,,,
topk,"1.0,0.125,0.75",1.0000,0.1250,0.7500,20,10000,8476,0.8476,0.0104474850231781,0.7358360886573792,655360000.0,327680000.0,163840000.0,655360000.0,51201280.0,128001280.0,1.374228913408241,topk,,,,,,,,,
topk,"1.0,0.125,1.0",1.0000,0.1250,1.0000,20,10000,8476,0.8476,0.0107362649170681,0.7358360886573792,655360000.0,327680000.0,163840000.0,655360000.0,51201280.0,163840000.0,1.317645121110116,topk,,,,,,,,,
topk,"1.0,0.125,0.9",1.0000,0.1250,0.9000,20,10000,8476,0.8476,0.0112023099791258,0.7358360886573792,655360000.0,327680000.0,163840000.0,655360000.0,51201280.0,152561280.0,1.3349434101695572,topk,,,,,,,,,
topk,"0.75,0.125,0.5",0.7500,0.1250,0.5000,20,10000,8435,0.8435,0.0108350500348024,0.7694167882204056,655360000.0,327680000.0,163840000.0,512001280.0,51201280.0,87041280.0,1.7637691115997347,topk,,,,,,,,,
topk,"0.75,0.125,0.9",0.7500,0.1250,0.9000,20,10000,8433,0.8433,0.0108872950659133,0.7689905077219009,655360000.0,327680000.0,163840000.0,512001280.0,51201280.0,152561280.0,1.6023162053003404,topk,,,,,,,,,
topk,"0.75,0.125,0.75",0.7500,0.1250,0.7500,20,10000,8433,0.8433,0.0117536150384694,0.7689905077219009,655360000.0,327680000.0,163840000.0,512001280.0,51201280.0,128001280.0,1.6592500412034747,topk,,,,,,,,,
topk,"0.75,0.125,1.0",0.7500,0.1250,1.0000,20,10000,8433,0.8433,0.0120463649160228,0.7689905077219009,655360000.0,327680000.0,163840000.0,512001280.0,51201280.0,163840000.0,1.5774592342984708,topk,,,,,,,,,
topk,"1.0,0.125,0.25",1.0000,0.1250,0.2500,20,10000,8420,0.842,0.0108378750039264,0.7434305876493454,655360000.0,327680000.0,163840000.0,655360000.0,51201280.0,46081280.0,1.5238043408015618,topk,,,,,,,,,
topk,"0.9,0.125,0.25",0.9000,0.1250,0.2500,20,10000,8417,0.8417,0.0109203449101187,0.7429808646440506,655360000.0,327680000.0,163840000.0,610281280.0,51201280.0,46081280.0,1.6208855444054349,topk,,,,,,,,,
topk,"0.75,0.125,0.25",0.7500,0.1250,0.2500,20,10000,8369,0.8369,0.0109776500496082,0.7738207340240478,655360000.0,327680000.0,163840000.0,512001280.0,51201280.0,46081280.0,1.8823410776822835,topk,,,,,,,,,
topk,"0.9,0.125,0.125",0.9000,0.1250,0.1250,20,10000,8253,0.8253,0.0108267349540255,0.7414673268795013,655360000.0,327680000.0,163840000.0,610281280.0,51201280.0,25601280.0,1.6691994968183212,topk,,,,,,,,,
topk,"1.0,0.125,0.125",1.0000,0.1250,0.1250,20,10000,8245,0.8245,0.010465454950463,0.7423641830682755,655360000.0,327680000.0,163840000.0,655360000.0,51201280.0,25601280.0,1.5664280894122748,topk,,,,,,,,,
topk,"0.75,0.125,0.125",0.7500,0.1250,0.1250,20,10000,8214,0.8214,0.0108060850878246,0.7706635177135468,655360000.0,327680000.0,163840000.0,512001280.0,51201280.0,25601280.0,1.9478133838257576,topk,,,,,,,,,
topk,"0.5,0.125,1.0",0.5000,0.1250,1.0000,20,10000,7997,0.7997,0.010321825032588,1.0618144273757937,655360000.0,327680000.0,163840000.0,348161280.0,51201280.0,163840000.0,2.0363543802073627,topk,,,,,,,,,
topk,"0.5,0.125,0.75",0.5000,0.1250,0.7500,20,10000,7997,0.7997,0.0105761950020678,1.0618144273757937,655360000.0,327680000.0,163840000.0,348161280.0,51201280.0,128001280.0,2.1747414460574315,topk,,,,,,,,,
topk,"0.5,0.125,0.9",0.5000,0.1250,0.9000,20,10000,7997,0.7997,0.0109928849502466,1.0618144273757937,655360000.0,327680000.0,163840000.0,348161280.0,51201280.0,152561280.0,2.077967858753845,topk,,,,,,,,,
topk,"0.5,0.125,0.5",0.5000,0.1250,0.5000,20,10000,7994,0.7994,0.0104580550570972,1.0617514699697497,655360000.0,327680000.0,163840000.0,348161280.0,51201280.0,87041280.0,2.3578761220306155,topk,,,,,,,,,
topk,"0.5,0.125,0.25",0.5000,0.1250,0.2500,20,10000,7942,0.7942,0.0106399000622332,1.055712479352951,655360000.0,327680000.0,163840000.0,348161280.0,51201280.0,46081280.0,2.57469044807085,topk,,,,,,,,,
topk,"0.5,0.125,0.125",0.5000,0.1250,0.1250,20,10000,7839,0.7839,0.011159500060603,1.0208721607923508,655360000.0,327680000.0,163840000.0,348161280.0,51201280.0,25601280.0,2.698770794239811,topk,,,,,,,,,
topk,"0.25,0.9,0.25",0.2500,0.9000,0.2500,20,10000,7740,0.774,0.0105938850087113,1.2611832737922668,655360000.0,327680000.0,163840000.0,184321280.0,305121280.0,46081280.0,2.141604004034629,topk,,,,,,,,,
topk,"0.25,0.75,0.25",0.2500,0.7500,0.2500,20,10000,7740,0.774,0.0114014900289475,1.2612097561359406,655360000.0,327680000.0,163840000.0,184321280.0,256001280.0,46081280.0,2.3578761220306155,topk,,,,,,,,,
topk,"0.25,1.0,0.25",0.2500,1.0000,0.2500,20,10000,7740,0.774,0.0116388299735263,1.2611832737922668,655360000.0,327680000.0,163840000.0,184321280.0,327680000.0,46081280.0,2.0550364447869507,topk,,,,,,,,,
topk,"0.25,0.5,0.25",0.2500,0.5000,0.2500,20,10000,7706,0.7706,0.0106667749467305,1.2914288580417632,655360000.0,327680000.0,163840000.0,184321280.0,174081280.0,46081280.0,2.83541611946722,topk,,,,,,,,,
topk,"0.25,0.75,0.5",0.2500,0.7500,0.5000,20,10000,7701,0.7701,0.0101554150343872,1.324239194393158,655360000.0,327680000.0,163840000.0,184321280.0,256001280.0,87041280.0,2.1747414460574315,topk,,,,,,,,,
topk,"0.25,0.9,0.5",0.2500,0.9000,0.5000,20,10000,7701,0.7701,0.0101604049908928,1.3242383658885957,655360000.0,327680000.0,163840000.0,184321280.0,305121280.0,87041280.0,1.9894399815266288,topk,,,,,,,,,
topk,"0.25,1.0,0.5",0.2500,1.0000,0.5000,20,10000,7701,0.7701,0.0109464150387793,1.3242383658885957,655360000.0,327680000.0,163840000.0,184321280.0,327680000.0,87041280.0,1.914521732813108,topk,,,,,,,,,
topk,"0.25,0.9,0.75",0.2500,0.9000,0.7500,20,10000,7697,0.7697,0.0102041500736959,1.328207892179489,655360000.0,327680000.0,163840000.0,184321280.0,305121280.0,128001280.0,1.85746447806492,topk,,,,,,,,,
topk,"0.25,0.75,0.9",0.2500,0.7500,0.9000,20,10000,7697,0.7697,0.010316499962937,1.3282103538513184,655360000.0,327680000.0,163840000.0,184321280.0,256001280.0,152561280.0,1.934409276528772,topk,,,,,,,,,
topk,"0.25,1.0,0.75",0.2500,1.0000,0.7500,20,10000,7697,0.7697,0.010490665026009,1.328207892179489,655360000.0,327680000.0,163840000.0,184321280.0,327680000.0,128001280.0,1.791992832028672,topk,,,,,,,,,
topk,"0.25,1.0,1.0",0.2500,1.0000,1.0000,20,10000,7697,0.7697,0.0105696699465624,1.328207892179489,655360000.0,327680000.0,163840000.0,184321280.0,327680000.0,163840000.0,1.6969664830180249,topk,,,,,,,,,
topk,"0.25,1.0,0.9",0.2500,1.0000,0.9000,20,10000,7697,0.7697,0.0106169999227859,1.328207892179489,655360000.0,327680000.0,163840000.0,184321280.0,327680000.0,152561280.0,1.7257667961312777,topk,,,,,,,,,
topk,"0.25,0.9,1.0",0.2500,0.9000,1.0000,20,10000,7697,0.7697,0.0106384400161914,1.328207892179489,655360000.0,327680000.0,163840000.0,184321280.0,305121280.0,163840000.0,1.7555650039088753,topk,,,,,,,,,
topk,"0.25,0.75,1.0",0.2500,0.7500,1.0000,20,10000,7697,0.7697,0.0107474999618716,1.3282103538513184,655360000.0,327680000.0,163840000.0,184321280.0,256001280.0,163840000.0,1.8982970411142328,topk,,,,,,,,,
topk,"0.25,0.9,0.9",0.2500,0.9000,0.9000,20,10000,7697,0.7697,0.010807594936341,1.328207892179489,655360000.0,327680000.0,163840000.0,184321280.0,305121280.0,152561280.0,1.786406760433084,topk,,,,,,,,,
topk,"0.25,0.75,0.75",0.2500,0.7500,0.7500,20,10000,7697,0.7697,0.011268814955838,1.3282103538513184,655360000.0,327680000.0,163840000.0,184321280.0,256001280.0,128001280.0,2.018004382853269,topk,,,,,,,,,
topk,"0.25,0.5,0.5",0.2500,0.5000,0.5000,20,10000,7658,0.7658,0.0108207850134931,1.350799459218979,655360000.0,327680000.0,163840000.0,184321280.0,174081280.0,87041280.0,2.57469044807085,topk,,,,,,,,,
topk,"0.25,0.5,1.0",0.2500,0.5000,1.0000,20,10000,7651,0.7651,0.0106016249861568,1.3545007586479187,655360000.0,327680000.0,163840000.0,184321280.0,174081280.0,163840000.0,2.1960676663349687,topk,,,,,,,,,
topk,"0.25,0.5,0.75",0.2500,0.5000,0.7500,20,10000,7651,0.7651,0.0112626951071433,1.3545007586479187,655360000.0,327680000.0,163840000.0,184321280.0,174081280.0,128001280.0,2.3578761220306155,topk,,,,,,,,,
topk,"0.25,0.5,0.9",0.2500,0.5000,0.9000,20,10000,7651,0.7651,0.0131811899947933,1.3545007586479187,655360000.0,327680000.0,163840000.0,184321280.0,174081280.0,152561280.0,2.24454239266716,topk,,,,,,,,,
topk,"0.25,0.75,0.125",0.2500,0.7500,0.1250,20,10000,7581,0.7581,0.0101041899528354,1.1983100175857544,655360000.0,327680000.0,163840000.0,184321280.0,256001280.0,25601280.0,2.4615181743007613,topk,,,,,,,,,
topk,"0.25,0.9,0.125",0.2500,0.9000,0.1250,20,10000,7581,0.7581,0.011446655052714,1.1983060896396638,655360000.0,327680000.0,163840000.0,184321280.0,305121280.0,25601280.0,2.2267619005015185,topk,,,,,,,,,
topk,"0.25,1.0,0.125",0.2500,1.0000,0.1250,20,10000,7581,0.7581,0.0118292449973523,1.1983060896396638,655360000.0,327680000.0,163840000.0,184321280.0,327680000.0,25601280.0,2.133323174651549,topk,,,,,,,,,
topk,"0.25,0.5,0.125",0.2500,0.5000,0.1250,20,10000,7531,0.7531,0.0106101849698461,1.2404158890247343,655360000.0,327680000.0,163840000.0,184321280.0,174081280.0,25601280.0,2.986636800298664,topk,,,,,,,,,
topk,"0.25,0.25,0.25",0.2500,0.2500,0.2500,20,10000,7333,0.7333,0.0119743299786932,1.516560864448547,655360000.0,327680000.0,163840000.0,184321280.0,92161280.0,46081280.0,3.555513228017127,topk,,,,,,,,,
topk,"0.25,0.25,0.75",0.2500,0.2500,0.7500,20,10000,7329,0.7329,0.0103013150743208,1.5750677049160005,655360000.0,327680000.0,163840000.0,184321280.0,92161280.0,128001280.0,2.83541611946722,topk,,,,,,,,,
topk,"0.25,0.25,1.0",0.2500,0.2500,1.0000,20,10000,7329,0.7329,0.0103052400168962,1.5750677049160005,655360000.0,327680000.0,163840000.0,184321280.0,92161280.0,163840000.0,2.604636019558026,topk,,,,,,,,,
topk,"0.25,0.25,0.9",0.2500,0.2500,0.9000,20,10000,7329,0.7329,0.0112888649455271,1.5750677049160005,655360000.0,327680000.0,163840000.0,184321280.0,92161280.0,152561280.0,2.67310678554434,topk,,,,,,,,,
topk,"0.25,0.25,0.5",0.2500,0.2500,0.5000,20,10000,7326,0.7326,0.0102646849816665,1.57307825088501,655360000.0,327680000.0,163840000.0,184321280.0,92161280.0,87041280.0,3.154896251095939,topk,,,,,,,,,
topk,"0.25,0.25,0.125",0.2500,0.2500,0.1250,20,10000,7161,0.7161,0.0110631249728612,1.4613310635089871,655360000.0,327680000.0,163840000.0,184321280.0,92161280.0,25601280.0,3.7965619081113378,topk,,,,,,,,,
topk,"0.25,0.125,0.5",0.2500,0.1250,0.5000,20,10000,6572,0.6572,0.0109964699950069,1.9203155279159545,655360000.0,327680000.0,163840000.0,184321280.0,51201280.0,87041280.0,3.555513228017127,topk,,,,,,,,,
topk,"0.25,0.125,0.75",0.2500,0.1250,0.7500,20,10000,6569,0.6569,0.0104532349854707,1.921821755170822,655360000.0,327680000.0,163840000.0,184321280.0,51201280.0,128001280.0,3.154896251095939,topk,,,,,,,,,
topk,"0.25,0.125,0.9",0.2500,0.1250,0.9000,20,10000,6569,0.6569,0.0108781450311653,1.921821755170822,655360000.0,327680000.0,163840000.0,184321280.0,51201280.0,152561280.0,2.9552377135827146,topk,,,,,,,,,
topk,"0.25,0.125,1.0",0.2500,0.1250,1.0000,20,10000,6569,0.6569,0.0119505900191143,1.921821755170822,655360000.0,327680000.0,163840000.0,184321280.0,51201280.0,163840000.0,2.871776462971391,topk,,,,,,,,,
topk,"0.25,0.125,0.25",0.2500,0.1250,0.2500,20,10000,6553,0.6553,0.0110760599956847,1.8643607318401336,655360000.0,327680000.0,163840000.0,184321280.0,51201280.0,46081280.0,4.072671736294505,topk,,,,,,,,,
topk,"0.25,0.125,0.125",0.2500,0.1250,0.1250,20,10000,6358,0.6358,0.0116769699496217,1.7759356796741486,655360000.0,327680000.0,163840000.0,184321280.0,51201280.0,25601280.0,4.392092273152846,topk,,,,,,,,,
topk,"0.125,0.5,0.125",0.1250,0.5000,0.1250,20,10000,4917,0.4917,0.0111654549837112,2.48866845369339,655360000.0,327680000.0,163840000.0,102401280.0,174081280.0,25601280.0,3.7965619081113378,topk,,,,,,,,,
topk,"0.125,0.5,0.25",0.1250,0.5000,0.2500,20,10000,4907,0.4907,0.0109136700048111,2.987451267242432,655360000.0,327680000.0,163840000.0,102401280.0,174081280.0,46081280.0,3.555513228017127,topk,,,,,,,,,
topk,"0.125,1.0,0.25",0.1250,1.0000,0.2500,20,10000,4865,0.4865,0.0101358800427988,3.026125466823578,655360000.0,327680000.0,163840000.0,102401280.0,327680000.0,46081280.0,2.4085892011333274,topk,,,,,,,,,
topk,"0.125,0.75,0.25",0.1250,0.7500,0.2500,20,10000,4865,0.4865,0.0106822700239717,3.026125466823578,655360000.0,327680000.0,163840000.0,102401280.0,256001280.0,46081280.0,2.83541611946722,topk,,,,,,,,,
topk,"0.125,0.9,0.25",0.1250,0.9000,0.2500,20,10000,4865,0.4865,0.0107582900207489,3.026125466823578,655360000.0,327680000.0,163840000.0,102401280.0,305121280.0,46081280.0,2.528373657506956,topk,,,,,,,,,
topk,"0.125,0.75,0.125",0.1250,0.7500,0.1250,20,10000,4855,0.4855,0.0102505750139243,2.5014599084854128,655360000.0,327680000.0,163840000.0,102401280.0,256001280.0,25601280.0,2.986636800298664,topk,,,,,,,,,
topk,"0.125,1.0,0.125",0.1250,1.0000,0.1250,20,10000,4855,0.4855,0.0104457899578846,2.5014599084854128,655360000.0,327680000.0,163840000.0,102401280.0,327680000.0,25601280.0,2.5168397930348707,topk,,,,,,,,,
topk,"0.125,0.9,0.125",0.1250,0.9000,0.1250,20,10000,4855,0.4855,0.0108222199603915,2.5014599084854128,655360000.0,327680000.0,163840000.0,102401280.0,305121280.0,25601280.0,2.64792628362364,topk,,,,,,,,,
topk,"0.125,0.5,0.5",0.1250,0.5000,0.5000,20,10000,4838,0.4838,0.0115838650963269,3.2350536346435548,655360000.0,327680000.0,163840000.0,102401280.0,174081280.0,87041280.0,3.154896251095939,topk,,,,,,,,,
topk,"0.125,0.5,1.0",0.1250,0.5000,1.0000,20,10000,4834,0.4834,0.0108759400434792,3.244202184677124,655360000.0,327680000.0,163840000.0,102401280.0,174081280.0,163840000.0,2.604636019558026,topk,,,,,,,,,
topk,"0.125,0.5,0.75",0.1250,0.5000,0.7500,20,10000,4834,0.4834,0.0110506650293245,3.244202184677124,655360000.0,327680000.0,163840000.0,102401280.0,174081280.0,128001280.0,2.83541611946722,topk,,,,,,,,,
topk,"0.125,0.5,0.9",0.1250,0.5000,0.9000,20,10000,4834,0.4834,0.012003664963413,3.244202184677124,655360000.0,327680000.0,163840000.0,102401280.0,174081280.0,152561280.0,2.67310678554434,topk,,,,,,,,,
topk,"0.125,1.0,0.5",0.1250,1.0000,0.5000,20,10000,4787,0.4787,0.0102356399758718,3.294187724590301,655360000.0,327680000.0,163840000.0,102401280.0,327680000.0,87041280.0,2.217810802916817,topk,,,,,,,,,
topk,"0.125,0.9,0.5",0.1250,0.9000,0.5000,20,10000,4787,0.4787,0.0105326349497772,3.294187724590301,655360000.0,327680000.0,163840000.0,102401280.0,305121280.0,87041280.0,2.318972612312295,topk,,,,,,,,,
topk,"0.125,0.75,0.5",0.1250,0.7500,0.5000,20,10000,4787,0.4787,0.0106726550497114,3.294187724590301,655360000.0,327680000.0,163840000.0,102401280.0,256001280.0,87041280.0,2.57469044807085,topk,,,,,,,,,
topk,"0.125,0.9,0.9",0.1250,0.9000,0.9000,20,10000,4779,0.4779,0.0102217749459669,3.3042553186416628,655360000.0,327680000.0,163840000.0,102401280.0,305121280.0,152561280.0,2.04769343104061,topk,,,,,,,,,
topk,"0.125,1.0,1.0",0.1250,1.0000,1.0000,20,10000,4779,0.4779,0.0103102450259029,3.3042553186416628,655360000.0,327680000.0,163840000.0,102401280.0,327680000.0,163840000.0,1.9310303210553423,topk,,,,,,,,,
topk,"0.125,1.0,0.9",0.1250,1.0000,0.9000,20,10000,4779,0.4779,0.010433485021349,3.3042553186416628,655360000.0,327680000.0,163840000.0,102401280.0,327680000.0,152561280.0,1.968410958512883,topk,,,,,,,,,
topk,"0.125,1.0,0.75",0.1250,1.0000,0.7500,20,10000,4779,0.4779,0.0106452349806204,3.3042553186416628,655360000.0,327680000.0,163840000.0,102401280.0,327680000.0,128001280.0,2.0550364447869507,topk,,,,,,,,,
topk,"0.125,0.75,0.9",0.1250,0.7500,0.9000,20,10000,4779,0.4779,0.0108310549519956,3.3042553067207336,655360000.0,327680000.0,163840000.0,102401280.0,256001280.0,152561280.0,2.24454239266716,topk,,,,,,,,,
topk,"0.125,0.9,0.75",0.1250,0.9000,0.7500,20,10000,4779,0.4779,0.0111065099714323,3.3042553186416628,655360000.0,327680000.0,163840000.0,102401280.0,305121280.0,128001280.0,2.141604004034629,topk,,,,,,,,,
topk,"0.125,0.75,1.0",0.1250,0.7500,1.0000,20,10000,4779,0.4779,0.011159285029862,3.3042553067207336,655360000.0,327680000.0,163840000.0,102401280.0,256001280.0,163840000.0,2.1960676663349687,topk,,,,,,,,,
topk,"0.125,0.9,1.0",0.1250,0.9000,1.0000,20,10000,4779,0.4779,0.0116890200064517,3.3042553186416628,655360000.0,327680000.0,163840000.0,102401280.0,305121280.0,163840000.0,2.007271880047583,topk,,,,,,,,,
topk,"0.125,0.75,0.75",0.1250,0.7500,0.7500,20,10000,4779,0.4779,0.0125451700063422,3.3042553067207336,655360000.0,327680000.0,163840000.0,102401280.0,256001280.0,128001280.0,2.3578761220306155,topk,,,,,,,,,
topk,"0.125,0.25,0.25",0.1250,0.2500,0.2500,20,10000,4752,0.4752,0.0125621549668721,2.9918219327926634,655360000.0,327680000.0,163840000.0,102401280.0,92161280.0,46081280.0,4.765881395509646,topk,,,,,,,,,
topk,"0.125,0.25,0.75",0.1250,0.2500,0.7500,20,10000,4695,0.4695,0.0102334550116211,3.179476857185364,655360000.0,327680000.0,163840000.0,102401280.0,92161280.0,128001280.0,3.555513228017127,topk,,,,,,,,,
topk,"0.125,0.25,1.0",0.1250,0.2500,1.0000,20,10000,4695,0.4695,0.010602915007621,3.179476857185364,655360000.0,327680000.0,163840000.0,102401280.0,92161280.0,163840000.0,3.199977143020407,topk,,,,,,,,,
topk,"0.125,0.25,0.9",0.1250,0.2500,0.9000,20,10000,4695,0.4695,0.0107325150165706,3.179476857185364,655360000.0,327680000.0,163840000.0,102401280.0,92161280.0,152561280.0,3.3039505439902945,topk,,,,,,,,,
topk,"0.125,0.25,0.5",0.1250,0.2500,0.5000,20,10000,4693,0.4693,0.010264259960968,3.175312089920044,655360000.0,327680000.0,163840000.0,102401280.0,92161280.0,87041280.0,4.072671736294505,topk,,,,,,,,,
topk,"0.125,0.25,0.125",0.1250,0.2500,0.1250,20,10000,4655,0.4655,0.0116852600360289,2.6476823449134828,655360000.0,327680000.0,163840000.0,102401280.0,92161280.0,25601280.0,5.20921146724185,topk,,,,,,,,,
topk,"0.125,0.125,0.5",0.1250,0.1250,0.5000,20,10000,4218,0.4218,0.0116476750117726,3.0448044896125794,655360000.0,327680000.0,163840000.0,102401280.0,51201280.0,87041280.0,4.765881395509646,topk,,,,,,,,,
topk,"0.125,0.125,0.9",0.1250,0.1250,0.9000,20,10000,4214,0.4214,0.0101177250500768,3.046979749202728,655360000.0,327680000.0,163840000.0,102401280.0,51201280.0,152561280.0,3.745968171812844,topk,,,,,,,,,
topk,"0.125,0.125,1.0",0.1250,0.1250,1.0000,20,10000,4214,0.4214,0.0103884299984201,3.046979749202728,655360000.0,327680000.0,163840000.0,102401280.0,51201280.0,163840000.0,3.612874089725083,topk,,,,,,,,,
topk,"0.125,0.125,0.75",0.1250,0.1250,0.7500,20,10000,4214,0.4214,0.0108104999759234,3.046979749202728,655360000.0,327680000.0,163840000.0,102401280.0,51201280.0,128001280.0,4.072671736294505,topk,,,,,,,,,
topk,"0.125,0.125,0.25",0.1250,0.1250,0.2500,20,10000,4213,0.4213,0.0108399849850684,2.8892632842063906,655360000.0,327680000.0,163840000.0,102401280.0,51201280.0,46081280.0,5.7434792920648965,topk,,,,,,,,,
topk,"0.125,0.125,0.125",0.1250,0.1250,0.1250,20,10000,4145,0.4145,0.0120343949529342,2.585374474525452,655360000.0,327680000.0,163840000.0,102401280.0,51201280.0,25601280.0,6.399862860081569,topk,,,,,,,,,
