compressor,compressor_policy,llm_policy,outlier_precision,regular_precision,outlier_values,outlier0,outlier1,outlier2,quant_precision_values,quant0_precision,quant1_precision,quant2_precision,k_values,k0,k1,k2,num_samples,correct_count,avg_accuracy,avg_latency,avg_ce_loss,avg_margin,avg_payload_ratio,avg_compression_ratio,tp0_original_bytes,tp1_original_bytes,tp2_original_bytes,tp0_compressed_bytes,tp1_compressed_bytes,tp2_compressed_bytes,tp0_payload_ratio,tp1_payload_ratio,tp2_payload_ratio,model_name,split,positive_token,negative_token,positive_token_id,negative_token_id,prompt_template
quantization,quantization,,,,,,,,"passthrough,passthrough,int4",passthrough,passthrough,int4,"1.0000,1.0000,0.1250",1.0000,1.0000,0.1250,872,805,0.9231651376146789,0.056257862854565265,0.2288465981202802,4.8318748513766385,0.7083909776475694,1.411649825525458,342884352.0,342884352.0,342884352.0,342884352.0,342884352.0,42919840.0,1.0,1.0,0.1252,google/flan-t5-base,validation,positive,negative,1465,2841,"Classify the sentiment of the following sentence as positive or negative.
Sentence: {sentence}
Sentiment:"
quantization,quantization,,,,,,,,"passthrough,passthrough,passthrough",passthrough,passthrough,passthrough,"1.0000,1.0000,1.0000",1.0000,1.0000,1.0000,872,800,0.9174311926605505,0.042851350226956464,0.23008395336722587,4.863556338559597,1.0,1.0,342884352.0,342884352.0,342884352.0,342884352.0,342884352.0,342884352.0,1.0,1.0,1.0,google/flan-t5-base,validation,positive,negative,1465,2841,"Classify the sentiment of the following sentence as positive or negative.
Sentence: {sentence}
Sentiment:"
quantization,quantization,,,,,,,,"passthrough,passthrough,fp16",passthrough,passthrough,fp16,"1.0000,1.0000,0.5000",1.0000,1.0000,0.5000,872,800,0.9174311926605505,0.05325529793087273,0.23008446064752475,4.863562153976992,0.8333875868055556,1.199921880085932,342884352.0,342884352.0,342884352.0,342884352.0,342884352.0,171497984.0,1.0,1.0,0.5002,google/flan-t5-base,validation,positive,negative,1465,2841,"Classify the sentiment of the following sentence as positive or negative.
Sentence: {sentence}
Sentiment:"
quantization,quantization,,,,,,,,"passthrough,passthrough,int8",passthrough,passthrough,int8,"1.0000,1.0000,0.2500",1.0000,1.0000,0.2500,872,800,0.9174311926605505,0.05419289094551868,0.2300827727056441,4.861014977302573,0.7500576443142362,1.3332308624282891,342884352.0,342884352.0,342884352.0,342884352.0,342884352.0,85780384.0,1.0,1.0,0.2502,google/flan-t5-base,validation,positive,negative,1465,2841,"Classify the sentiment of the following sentence as positive or negative.
Sentence: {sentence}
Sentiment:"
quantization,quantization,,,,,,,,"passthrough,passthrough,int2",passthrough,passthrough,int2,"1.0000,1.0000,0.0625",1.0000,1.0000,0.0625,872,655,0.7511467889908257,0.0543323552797745,0.4888139378296536,0.8256165467271017,0.6875576443142362,1.4544235065517905,342884352.0,342884352.0,342884352.0,342884352.0,342884352.0,21489568.0,1.0,1.0,0.0627,google/flan-t5-base,validation,positive,negative,1465,2841,"Classify the sentiment of the following sentence as positive or negative.
Sentence: {sentence}
Sentiment:"
quantization,quantization,,,,,,,,"passthrough,int4,passthrough",passthrough,int4,passthrough,"1.0000,0.1250,1.0000",1.0000,0.1250,1.0000,872,474,0.5435779816513762,0.0559975740797775,0.7563438958129547,0.8287339385496367,0.7083909776475694,1.411649825525458,342884352.0,342884352.0,342884352.0,342884352.0,42919840.0,342884352.0,1.0,0.1252,1.0,google/flan-t5-base,validation,positive,negative,1465,2841,"Classify the sentiment of the following sentence as positive or negative.
Sentence: {sentence}
Sentiment:"
quantization,quantization,,,,,,,,"passthrough,int4,fp16",passthrough,int4,fp16,"1.0000,0.1250,0.5000",1.0000,0.1250,0.5000,872,474,0.5435779816513762,0.05679938394881768,0.7682722887267794,0.8406757630339456,0.541778564453125,1.84577254548527,342884352.0,342884352.0,342884352.0,342884352.0,42919840.0,171497984.0,1.0,0.1252,0.5002,google/flan-t5-base,validation,positive,negative,1465,2841,"Classify the sentiment of the following sentence as positive or negative.
Sentence: {sentence}
Sentiment:"
quantization,quantization,,,,,,,,"int4,int4,passthrough",int4,int4,passthrough,"0.1250,0.1250,1.0000",0.1250,0.1250,1.0000,872,469,0.5378440366972477,0.059094935087935674,0.7755662477019867,0.8157923929735061,0.4167819552951389,2.3993361211904256,342884352.0,342884352.0,342884352.0,42919840.0,42919840.0,342884352.0,0.1252,0.1252,1.0,google/flan-t5-base,validation,positive,negative,1465,2841,"Classify the sentiment of the following sentence as positive or negative.
Sentence: {sentence}
Sentiment:"
quantization,quantization,,,,,,,,"int4,int8,fp16",int4,int8,fp16,"0.1250,0.2500,0.5000",0.1250,0.2500,0.5000,872,465,0.533256880733945,0.057113139565987084,0.778307046771152,0.8300587764573754,0.2918362087673611,3.42657960170102,342884352.0,342884352.0,342884352.0,42919840.0,85780384.0,171497984.0,0.1252,0.2502,0.5002,google/flan-t5-base,validation,positive,negative,1465,2841,"Classify the sentiment of the following sentence as positive or negative.
Sentence: {sentence}
Sentiment:"
quantization,quantization,,,,,,,,"int4,int4,fp16",int4,int4,fp16,"0.1250,0.1250,0.5000",0.1250,0.1250,0.5000,872,463,0.5309633027522935,0.059301117309070096,0.7790472696069628,0.785166968719675,0.2501695421006944,3.997289164791672,342884352.0,342884352.0,342884352.0,42919840.0,42919840.0,171497984.0,0.1252,0.1252,0.5002,google/flan-t5-base,validation,positive,negative,1465,2841,"Classify the sentiment of the following sentence as positive or negative.
Sentence: {sentence}
Sentiment:"
quantization,quantization,,,,,,,,"int8,passthrough,int2",int8,passthrough,int2,"0.2500,1.0000,0.0625",0.2500,1.0000,0.0625,872,462,0.5298165137614679,0.05569717970168338,0.7107067121141547,0.3867711348271151,0.4376152886284722,2.2851121201320335,342884352.0,342884352.0,342884352.0,85780384.0,342884352.0,21489568.0,0.2502,1.0,0.0627,google/flan-t5-base,validation,positive,negative,1465,2841,"Classify the sentiment of the following sentence as positive or negative.
Sentence: {sentence}
Sentiment:"
quantization,quantization,,,,,,,,"int8,int4,fp16",int8,int4,fp16,"0.2500,0.1250,0.5000",0.2500,0.1250,0.5000,872,462,0.5298165137614679,0.057248176144406096,0.7948191518075081,0.840878974407091,0.2918362087673611,3.42657960170102,342884352.0,342884352.0,342884352.0,85780384.0,42919840.0,171497984.0,0.2502,0.1252,0.5002,google/flan-t5-base,validation,positive,negative,1465,2841,"Classify the sentiment of the following sentence as positive or negative.
Sentence: {sentence}
Sentiment:"
quantization,quantization,,,,,,,,"int2,int4,fp16",int2,int4,fp16,"0.0625,0.1250,0.5000",0.0625,0.1250,0.5000,872,460,0.5275229357798165,0.059037711688663404,0.7918325416111481,0.8060735037567419,0.2293362087673611,4.360410444451015,342884352.0,342884352.0,342884352.0,21489568.0,42919840.0,171497984.0,0.0627,0.1252,0.5002,google/flan-t5-base,validation,positive,negative,1465,2841,"Classify the sentiment of the following sentence as positive or negative.
Sentence: {sentence}
Sentiment:"
quantization,quantization,,,,,,,,"passthrough,int4,int2",passthrough,int4,int2,"1.0000,0.1250,0.0625",1.0000,0.1250,0.0625,872,456,0.5229357798165137,0.05744059816368112,0.8938662163778528,1.2666353521988205,0.3959486219618056,2.5255802003939367,342884352.0,342884352.0,342884352.0,342884352.0,42919840.0,21489568.0,1.0,0.1252,0.0627,google/flan-t5-base,validation,positive,negative,1465,2841,"Classify the sentiment of the following sentence as positive or negative.
Sentence: {sentence}
Sentiment:"
quantization,quantization,,,,,,,,"int2,passthrough,passthrough",int2,passthrough,passthrough,"0.0625,1.0000,1.0000",0.0625,1.0000,1.0000,872,451,0.5172018348623854,0.05451215882604053,0.7154487503196941,0.39240728769827327,0.6875576443142362,1.4544235065517905,342884352.0,342884352.0,342884352.0,21489568.0,342884352.0,342884352.0,0.0627,1.0,1.0,google/flan-t5-base,validation,positive,negative,1465,2841,"Classify the sentiment of the following sentence as positive or negative.
Sentence: {sentence}
Sentiment:"
quantization,quantization,,,,,,,,"int2,passthrough,fp16",int2,passthrough,fp16,"0.0625,1.0000,0.5000",0.0625,1.0000,0.5000,872,451,0.5172018348623854,0.05523200882726921,0.7154472835464488,0.3924145775103788,0.5209452311197916,1.9195875886040108,342884352.0,342884352.0,342884352.0,21489568.0,342884352.0,171497984.0,0.0627,1.0,0.5002,google/flan-t5-base,validation,positive,negative,1465,2841,"Classify the sentiment of the following sentence as positive or negative.
Sentence: {sentence}
Sentiment:"
quantization,quantization,,,,,,,,"int2,passthrough,int8",int2,passthrough,int8,"0.0625,1.0000,0.2500",0.0625,1.0000,0.2500,872,451,0.5172018348623854,0.05575332315446416,0.715437584163604,0.3912056443888113,0.4376152886284722,2.2851121201320335,342884352.0,342884352.0,342884352.0,21489568.0,342884352.0,85780384.0,0.0627,1.0,0.2502,google/flan-t5-base,validation,positive,negative,1465,2841,"Classify the sentiment of the following sentence as positive or negative.
Sentence: {sentence}
Sentiment:"
quantization,quantization,,,,,,,,"int4,int2,int2",int4,int2,int2,"0.1250,0.0625,0.0625",0.1250,0.0625,0.0625,872,451,0.5172018348623854,0.060592727621893376,0.7173519738599521,0.39530220162977864,0.08350626627604167,11.975149226458765,342884352.0,342884352.0,342884352.0,42919840.0,21489568.0,21489568.0,0.1252,0.0627,0.0627,google/flan-t5-base,validation,positive,negative,1465,2841,"Classify the sentiment of the following sentence as positive or negative.
Sentence: {sentence}
Sentiment:"
quantization,quantization,,,,,,,,"int4,passthrough,fp16",int4,passthrough,fp16,"0.1250,1.0000,0.5000",0.1250,1.0000,0.5000,872,450,0.5160550458715596,0.05623461319819315,0.7999027211308787,0.8281510885155529,0.541778564453125,1.84577254548527,342884352.0,342884352.0,342884352.0,42919840.0,342884352.0,171497984.0,0.1252,1.0,0.5002,google/flan-t5-base,validation,positive,negative,1465,2841,"Classify the sentiment of the following sentence as positive or negative.
Sentence: {sentence}
Sentiment:"
quantization,quantization,,,,,,,,"passthrough,int8,int4",passthrough,int8,int4,"1.0000,0.2500,0.1250",1.0000,0.2500,0.1250,872,450,0.5160550458715596,0.057166594042711884,0.7216508640745364,0.4601484247303884,0.4584486219618056,2.181269507847517,342884352.0,342884352.0,342884352.0,342884352.0,85780384.0,42919840.0,1.0,0.2502,0.1252,google/flan-t5-base,validation,positive,negative,1465,2841,"Classify the sentiment of the following sentence as positive or negative.
Sentence: {sentence}
Sentiment:"
quantization,quantization,,,,,,,,"int4,int8,int2",int4,int8,int2,"0.1250,0.2500,0.0625",0.1250,0.2500,0.0625,872,450,0.5160550458715596,0.058414341062157836,0.9171808415440705,1.151181930547939,0.14600626627604166,6.849021110569219,342884352.0,342884352.0,342884352.0,42919840.0,85780384.0,21489568.0,0.1252,0.2502,0.0627,google/flan-t5-base,validation,positive,negative,1465,2841,"Classify the sentiment of the following sentence as positive or negative.
Sentence: {sentence}
Sentiment:"
quantization,quantization,,,,,,,,"passthrough,int8,int8",passthrough,int8,int8,"1.0000,0.2500,0.2500",1.0000,0.2500,0.2500,872,449,0.5149082568807339,0.05505614140532364,0.7140325070999631,0.42429721191388753,0.5001152886284722,1.999538951793342,342884352.0,342884352.0,342884352.0,342884352.0,85780384.0,85780384.0,1.0,0.2502,0.2502,google/flan-t5-base,validation,positive,negative,1465,2841,"Classify the sentiment of the following sentence as positive or negative.
Sentence: {sentence}
Sentiment:"
quantization,quantization,,,,,,,,"passthrough,int8,passthrough",passthrough,int8,passthrough,"1.0000,0.2500,1.0000",1.0000,0.2500,1.0000,872,448,0.5137614678899083,0.05361148406839032,0.7141777430447417,0.42381900002103334,0.7500576443142362,1.3332308624282891,342884352.0,342884352.0,342884352.0,342884352.0,85780384.0,342884352.0,1.0,0.2502,1.0,google/flan-t5-base,validation,positive,negative,1465,2841,"Classify the sentiment of the following sentence as positive or negative.
Sentence: {sentence}
Sentiment:"
quantization,quantization,,,,,,,,"passthrough,int8,fp16",passthrough,int8,fp16,"1.0000,0.2500,0.5000",1.0000,0.2500,0.5000,872,448,0.5137614678899083,0.05391736123646789,0.7141758716417426,0.4238199618978238,0.5834452311197916,1.7139569348792607,342884352.0,342884352.0,342884352.0,342884352.0,85780384.0,171497984.0,1.0,0.2502,0.5002,google/flan-t5-base,validation,positive,negative,1465,2841,"Classify the sentiment of the following sentence as positive or negative.
Sentence: {sentence}
Sentiment:"
quantization,quantization,,,,,,,,"int8,int4,passthrough",int8,int4,passthrough,"0.2500,0.1250,1.0000",0.2500,0.1250,1.0000,872,448,0.5137614678899083,0.0569943056213285,0.8186984758721579,0.8425584938548026,0.4584486219618056,2.181269507847517,342884352.0,342884352.0,342884352.0,85780384.0,42919840.0,342884352.0,0.2502,0.1252,1.0,google/flan-t5-base,validation,positive,negative,1465,2841,"Classify the sentiment of the following sentence as positive or negative.
Sentence: {sentence}
Sentiment:"
quantization,quantization,,,,,,,,"int2,passthrough,int2",int2,passthrough,int2,"0.0625,1.0000,0.0625",0.0625,1.0000,0.0625,872,447,0.5126146788990825,0.05647686261677294,0.7129392377485376,0.31143220684943945,0.3751152886284722,2.6658470883879017,342884352.0,342884352.0,342884352.0,21489568.0,342884352.0,21489568.0,0.0627,1.0,0.0627,google/flan-t5-base,validation,positive,negative,1465,2841,"Classify the sentiment of the following sentence as positive or negative.
Sentence: {sentence}
Sentiment:"
quantization,quantization,,,,,,,,"passthrough,int8,int2",passthrough,int8,int2,"1.0000,0.2500,0.0625",1.0000,0.2500,0.0625,872,446,0.5114678899082569,0.0555509607731621,0.7157584496115873,0.44891264405819253,0.4376152886284722,2.2851121201320335,342884352.0,342884352.0,342884352.0,342884352.0,85780384.0,21489568.0,1.0,0.2502,0.0627,google/flan-t5-base,validation,positive,negative,1465,2841,"Classify the sentiment of the following sentence as positive or negative.
Sentence: {sentence}
Sentiment:"
quantization,quantization,,,,,,,,"int2,passthrough,int4",int2,passthrough,int4,"0.0625,1.0000,0.1250",0.0625,1.0000,0.1250,872,446,0.5114678899082569,0.057775950335914594,0.7196976638937352,0.42010665432028815,0.3959486219618056,2.5255802003939367,342884352.0,342884352.0,342884352.0,21489568.0,342884352.0,42919840.0,0.0627,1.0,0.1252,google/flan-t5-base,validation,positive,negative,1465,2841,"Classify the sentiment of the following sentence as positive or negative.
Sentence: {sentence}
Sentiment:"
quantization,quantization,,,,,,,,"int4,passthrough,int8",int4,passthrough,int8,"0.1250,1.0000,0.2500",0.1250,1.0000,0.2500,872,445,0.5103211009174312,0.05693653910559679,0.7940758117389173,0.8521130019371662,0.4584486219618056,2.181269507847517,342884352.0,342884352.0,342884352.0,42919840.0,342884352.0,85780384.0,0.1252,1.0,0.2502,google/flan-t5-base,validation,positive,negative,1465,2841,"Classify the sentiment of the following sentence as positive or negative.
Sentence: {sentence}
Sentiment:"
quantization,quantization,,,,,,,,"int2,int8,int4",int2,int8,int4,"0.0625,0.2500,0.1250",0.0625,0.2500,0.1250,872,445,0.5103211009174312,0.05698999576537588,0.7376096957200847,0.5652327389892088,0.14600626627604166,6.849021110569219,342884352.0,342884352.0,342884352.0,21489568.0,85780384.0,42919840.0,0.0627,0.2502,0.1252,google/flan-t5-base,validation,positive,negative,1465,2841,"Classify the sentiment of the following sentence as positive or negative.
Sentence: {sentence}
Sentiment:"
quantization,quantization,,,,,,,,"fp16,int8,passthrough",fp16,int8,passthrough,"0.5000,0.2500,1.0000",0.5000,0.2500,1.0000,872,444,0.5091743119266054,0.05377572226026223,0.7129418423416418,0.4382209777832031,0.5834452311197916,1.7139569348792607,342884352.0,342884352.0,342884352.0,171497984.0,85780384.0,342884352.0,0.5002,0.2502,1.0,google/flan-t5-base,validation,positive,negative,1465,2841,"Classify the sentiment of the following sentence as positive or negative.
Sentence: {sentence}
Sentiment:"
quantization,quantization,,,,,,,,"passthrough,fp16,int8",passthrough,fp16,int8,"1.0000,0.5000,0.2500",1.0000,0.5000,0.2500,872,444,0.5091743119266054,0.05428408704849746,0.7129418423416418,0.4382209777832031,0.5834452311197916,1.7139569348792607,342884352.0,342884352.0,342884352.0,342884352.0,171497984.0,85780384.0,1.0,0.5002,0.2502,google/flan-t5-base,validation,positive,negative,1465,2841,"Classify the sentiment of the following sentence as positive or negative.
Sentence: {sentence}
Sentiment:"
quantization,quantization,,,,,,,,"fp16,passthrough,int8",fp16,passthrough,int8,"0.5000,1.0000,0.2500",0.5000,1.0000,0.2500,872,444,0.5091743119266054,0.054518335778159385,0.7129418423416418,0.4382209777832031,0.5834452311197916,1.7139569348792607,342884352.0,342884352.0,342884352.0,171497984.0,342884352.0,85780384.0,0.5002,1.0,0.2502,google/flan-t5-base,validation,positive,negative,1465,2841,"Classify the sentiment of the following sentence as positive or negative.
Sentence: {sentence}
Sentiment:"
quantization,quantization,,,,,,,,"fp16,fp16,int8",fp16,fp16,int8,"0.5000,0.5000,0.2500",0.5000,0.5000,0.2500,872,444,0.5091743119266054,0.05454651835756889,0.7129418423416418,0.4382209777832031,0.4168328179253472,2.3990433502265534,342884352.0,342884352.0,342884352.0,171497984.0,171497984.0,85780384.0,0.5002,0.5002,0.2502,google/flan-t5-base,validation,positive,negative,1465,2841,"Classify the sentiment of the following sentence as positive or negative.
Sentence: {sentence}
Sentiment:"
quantization,quantization,,,,,,,,"passthrough,fp16,int2",passthrough,fp16,int2,"1.0000,0.5000,0.0625",1.0000,0.5000,0.0625,872,444,0.5091743119266054,0.0547754489597779,0.7129418423416418,0.4382209777832031,0.5209452311197916,1.9195875886040108,342884352.0,342884352.0,342884352.0,342884352.0,171497984.0,21489568.0,1.0,0.5002,0.0627,google/flan-t5-base,validation,positive,negative,1465,2841,"Classify the sentiment of the following sentence as positive or negative.
Sentence: {sentence}
Sentiment:"
quantization,quantization,,,,,,,,"fp16,int8,int8",fp16,int8,int8,"0.5000,0.2500,0.2500",0.5000,0.2500,0.2500,872,444,0.5091743119266054,0.05492070309792158,0.7129418423416418,0.4382209777832031,0.3335028754340278,2.9984748968013504,342884352.0,342884352.0,342884352.0,171497984.0,85780384.0,85780384.0,0.5002,0.2502,0.2502,google/flan-t5-base,validation,positive,negative,1465,2841,"Classify the sentiment of the following sentence as positive or negative.
Sentence: {sentence}
Sentiment:"
quantization,quantization,,,,,,,,"fp16,int2,passthrough",fp16,int2,passthrough,"0.5000,0.0625,1.0000",0.5000,0.0625,1.0000,872,444,0.5091743119266054,0.054921365139040446,0.7129418423416418,0.4382209777832031,0.5209452311197916,1.9195875886040108,342884352.0,342884352.0,342884352.0,171497984.0,21489568.0,342884352.0,0.5002,0.0627,1.0,google/flan-t5-base,validation,positive,negative,1465,2841,"Classify the sentiment of the following sentence as positive or negative.
Sentence: {sentence}
Sentiment:"
quantization,quantization,,,,,,,,"int8,fp16,int8",int8,fp16,int8,"0.2500,0.5000,0.2500",0.2500,0.5000,0.2500,872,444,0.5091743119266054,0.05533491858065453,0.7129418423416418,0.4382209777832031,0.3335028754340278,2.9984748968013504,342884352.0,342884352.0,342884352.0,85780384.0,171497984.0,85780384.0,0.2502,0.5002,0.2502,google/flan-t5-base,validation,positive,negative,1465,2841,"Classify the sentiment of the following sentence as positive or negative.
Sentence: {sentence}
Sentiment:"
quantization,quantization,,,,,,,,"fp16,int2,fp16",fp16,int2,fp16,"0.5000,0.0625,0.5000",0.5000,0.0625,0.5000,872,444,0.5091743119266054,0.05534835813787057,0.7129418423416418,0.4382209777832031,0.3543328179253472,2.8222054221652297,342884352.0,342884352.0,342884352.0,171497984.0,21489568.0,171497984.0,0.5002,0.0627,0.5002,google/flan-t5-base,validation,positive,negative,1465,2841,"Classify the sentiment of the following sentence as positive or negative.
Sentence: {sentence}
Sentiment:"
quantization,quantization,,,,,,,,"fp16,fp16,int2",fp16,fp16,int2,"0.5000,0.5000,0.0625",0.5000,0.5000,0.0625,872,444,0.5091743119266054,0.05548185755769987,0.7129418423416418,0.4382209777832031,0.3543328179253472,2.8222054221652297,342884352.0,342884352.0,342884352.0,171497984.0,171497984.0,21489568.0,0.5002,0.5002,0.0627,google/flan-t5-base,validation,positive,negative,1465,2841,"Classify the sentiment of the following sentence as positive or negative.
Sentence: {sentence}
Sentiment:"
quantization,quantization,,,,,,,,"fp16,int8,int2",fp16,int8,int2,"0.5000,0.2500,0.0625",0.5000,0.2500,0.0625,872,444,0.5091743119266054,0.05576745218622985,0.7129418423416418,0.4382209777832031,0.2710028754340278,3.689997747804109,342884352.0,342884352.0,342884352.0,171497984.0,85780384.0,21489568.0,0.5002,0.2502,0.0627,google/flan-t5-base,validation,positive,negative,1465,2841,"Classify the sentiment of the following sentence as positive or negative.
Sentence: {sentence}
Sentiment:"
quantization,quantization,,,,,,,,"int2,fp16,int8",int2,fp16,int8,"0.0625,0.5000,0.2500",0.0625,0.5000,0.2500,872,444,0.5091743119266054,0.05594183899325515,0.7129418423416418,0.4382209777832031,0.2710028754340278,3.689997747804109,342884352.0,342884352.0,342884352.0,21489568.0,171497984.0,85780384.0,0.0627,0.5002,0.2502,google/flan-t5-base,validation,positive,negative,1465,2841,"Classify the sentiment of the following sentence as positive or negative.
Sentence: {sentence}
Sentiment:"
quantization,quantization,,,,,,,,"fp16,int2,int8",fp16,int2,int8,"0.5000,0.0625,0.2500",0.5000,0.0625,0.2500,872,444,0.5091743119266054,0.05595781938215598,0.7129418423416418,0.4382209777832031,0.2710028754340278,3.689997747804109,342884352.0,342884352.0,342884352.0,171497984.0,21489568.0,85780384.0,0.5002,0.0627,0.2502,google/flan-t5-base,validation,positive,negative,1465,2841,"Classify the sentiment of the following sentence as positive or negative.
Sentence: {sentence}
Sentiment:"
quantization,quantization,,,,,,,,"int8,fp16,int2",int8,fp16,int2,"0.2500,0.5000,0.0625",0.2500,0.5000,0.0625,872,444,0.5091743119266054,0.05612014094474426,0.7129418423416418,0.4382209777832031,0.2710028754340278,3.689997747804109,342884352.0,342884352.0,342884352.0,85780384.0,171497984.0,21489568.0,0.2502,0.5002,0.0627,google/flan-t5-base,validation,positive,negative,1465,2841,"Classify the sentiment of the following sentence as positive or negative.
Sentence: {sentence}
Sentiment:"
quantization,quantization,,,,,,,,"fp16,int4,passthrough",fp16,int4,passthrough,"0.5000,0.1250,1.0000",0.5000,0.1250,1.0000,872,444,0.5091743119266054,0.05616319505497813,0.7129418423416418,0.4382209777832031,0.541778564453125,1.84577254548527,342884352.0,342884352.0,342884352.0,171497984.0,42919840.0,342884352.0,0.5002,0.1252,1.0,google/flan-t5-base,validation,positive,negative,1465,2841,"Classify the sentiment of the following sentence as positive or negative.
Sentence: {sentence}
Sentiment:"
quantization,quantization,,,,,,,,"fp16,passthrough,int2",fp16,passthrough,int2,"0.5000,1.0000,0.0625",0.5000,1.0000,0.0625,872,444,0.5091743119266054,0.056357313533860406,0.7129418423416418,0.4382209777832031,0.5209452311197916,1.9195875886040108,342884352.0,342884352.0,342884352.0,171497984.0,342884352.0,21489568.0,0.5002,1.0,0.0627,google/flan-t5-base,validation,positive,negative,1465,2841,"Classify the sentiment of the following sentence as positive or negative.
Sentence: {sentence}
Sentiment:"
quantization,quantization,,,,,,,,"fp16,fp16,int4",fp16,fp16,int4,"0.5000,0.5000,0.1250",0.5000,0.5000,0.1250,872,444,0.5091743119266054,0.05635974703275453,0.7129418423416418,0.4382209777832031,0.3751661512586806,2.665485669869217,342884352.0,342884352.0,342884352.0,171497984.0,171497984.0,42919840.0,0.5002,0.5002,0.1252,google/flan-t5-base,validation,positive,negative,1465,2841,"Classify the sentiment of the following sentence as positive or negative.
Sentence: {sentence}
Sentiment:"
quantization,quantization,,,,,,,,"fp16,int2,int2",fp16,int2,int2,"0.5000,0.0625,0.0625",0.5000,0.0625,0.0625,872,444,0.5091743119266054,0.05642495207208713,0.7129418423416418,0.4382209777832031,0.2085028754340278,4.796096926329485,342884352.0,342884352.0,342884352.0,171497984.0,21489568.0,21489568.0,0.5002,0.0627,0.0627,google/flan-t5-base,validation,positive,negative,1465,2841,"Classify the sentiment of the following sentence as positive or negative.
Sentence: {sentence}
Sentiment:"
quantization,quantization,,,,,,,,"passthrough,fp16,int4",passthrough,fp16,int4,"1.0000,0.5000,0.1250",1.0000,0.5000,0.1250,872,444,0.5091743119266054,0.0564620922983906,0.7129418423416418,0.4382209777832031,0.541778564453125,1.84577254548527,342884352.0,342884352.0,342884352.0,342884352.0,171497984.0,42919840.0,1.0,0.5002,0.1252,google/flan-t5-base,validation,positive,negative,1465,2841,"Classify the sentiment of the following sentence as positive or negative.
Sentence: {sentence}
Sentiment:"
quantization,quantization,,,,,,,,"passthrough,int4,int8",passthrough,int4,int8,"1.0000,0.1250,0.2500",1.0000,0.1250,0.2500,872,444,0.5091743119266054,0.0565135489605632,0.8030502991238182,0.8526909151755342,0.4584486219618056,2.181269507847517,342884352.0,342884352.0,342884352.0,342884352.0,42919840.0,85780384.0,1.0,0.1252,0.2502,google/flan-t5-base,validation,positive,negative,1465,2841,"Classify the sentiment of the following sentence as positive or negative.
Sentence: {sentence}
Sentiment:"
quantization,quantization,,,,,,,,"fp16,passthrough,int4",fp16,passthrough,int4,"0.5000,1.0000,0.1250",0.5000,1.0000,0.1250,872,444,0.5091743119266054,0.05656423567422589,0.7129418423416418,0.4382209777832031,0.541778564453125,1.84577254548527,342884352.0,342884352.0,342884352.0,171497984.0,342884352.0,42919840.0,0.5002,1.0,0.1252,google/flan-t5-base,validation,positive,negative,1465,2841,"Classify the sentiment of the following sentence as positive or negative.
Sentence: {sentence}
Sentiment:"
quantization,quantization,,,,,,,,"fp16,int4,fp16",fp16,int4,fp16,"0.5000,0.1250,0.5000",0.5000,0.1250,0.5000,872,444,0.5091743119266054,0.05669001833676711,0.7129418423416418,0.4382209777832031,0.3751661512586806,2.665485669869217,342884352.0,342884352.0,342884352.0,171497984.0,42919840.0,171497984.0,0.5002,0.1252,0.5002,google/flan-t5-base,validation,positive,negative,1465,2841,"Classify the sentiment of the following sentence as positive or negative.
Sentence: {sentence}
Sentiment:"
quantization,quantization,,,,,,,,"int2,fp16,int2",int2,fp16,int2,"0.0625,0.5000,0.0625",0.0625,0.5000,0.0625,872,444,0.5091743119266054,0.05673208613420726,0.7129418423416418,0.4382209777832031,0.2085028754340278,4.796096926329485,342884352.0,342884352.0,342884352.0,21489568.0,171497984.0,21489568.0,0.0627,0.5002,0.0627,google/flan-t5-base,validation,positive,negative,1465,2841,"Classify the sentiment of the following sentence as positive or negative.
Sentence: {sentence}
Sentiment:"
quantization,quantization,,,,,,,,"fp16,int8,int4",fp16,int8,int4,"0.5000,0.2500,0.1250",0.5000,0.2500,0.1250,872,444,0.5091743119266054,0.05674582212434979,0.7129418423416418,0.4382209777832031,0.2918362087673611,3.42657960170102,342884352.0,342884352.0,342884352.0,171497984.0,85780384.0,42919840.0,0.5002,0.2502,0.1252,google/flan-t5-base,validation,positive,negative,1465,2841,"Classify the sentiment of the following sentence as positive or negative.
Sentence: {sentence}
Sentiment:"
quantization,quantization,,,,,,,,"fp16,int8,fp16",fp16,int8,fp16,"0.5000,0.2500,0.5000",0.5000,0.2500,0.5000,872,444,0.5091743119266054,0.05678483887485852,0.7129418423416418,0.4382209777832031,0.4168328179253472,2.3990433502265534,342884352.0,342884352.0,342884352.0,171497984.0,85780384.0,171497984.0,0.5002,0.2502,0.5002,google/flan-t5-base,validation,positive,negative,1465,2841,"Classify the sentiment of the following sentence as positive or negative.
Sentence: {sentence}
Sentiment:"
quantization,quantization,,,,,,,,"int4,fp16,int8",int4,fp16,int8,"0.1250,0.5000,0.2500",0.1250,0.5000,0.2500,872,444,0.5091743119266054,0.057240313307783744,0.7129418423416418,0.4382209777832031,0.2918362087673611,3.42657960170102,342884352.0,342884352.0,342884352.0,42919840.0,171497984.0,85780384.0,0.1252,0.5002,0.2502,google/flan-t5-base,validation,positive,negative,1465,2841,"Classify the sentiment of the following sentence as positive or negative.
Sentence: {sentence}
Sentiment:"
quantization,quantization,,,,,,,,"int8,fp16,int4",int8,fp16,int4,"0.2500,0.5000,0.1250",0.2500,0.5000,0.1250,872,444,0.5091743119266054,0.05740477556977934,0.7129418423416418,0.4382209777832031,0.2918362087673611,3.42657960170102,342884352.0,342884352.0,342884352.0,85780384.0,171497984.0,42919840.0,0.2502,0.5002,0.1252,google/flan-t5-base,validation,positive,negative,1465,2841,"Classify the sentiment of the following sentence as positive or negative.
Sentence: {sentence}
Sentiment:"
quantization,quantization,,,,,,,,"fp16,int2,int4",fp16,int2,int4,"0.5000,0.0625,0.1250",0.5000,0.0625,0.1250,872,444,0.5091743119266054,0.05779209964985558,0.7129418423416418,0.4382209777832031,0.2293362087673611,4.360410444451015,342884352.0,342884352.0,342884352.0,171497984.0,21489568.0,42919840.0,0.5002,0.0627,0.1252,google/flan-t5-base,validation,positive,negative,1465,2841,"Classify the sentiment of the following sentence as positive or negative.
Sentence: {sentence}
Sentiment:"
quantization,quantization,,,,,,,,"int4,fp16,int2",int4,fp16,int2,"0.1250,0.5000,0.0625",0.1250,0.5000,0.0625,872,444,0.5091743119266054,0.0578033785525829,0.7129418423416418,0.4382209777832031,0.2293362087673611,4.360410444451015,342884352.0,342884352.0,342884352.0,42919840.0,171497984.0,21489568.0,0.1252,0.5002,0.0627,google/flan-t5-base,validation,positive,negative,1465,2841,"Classify the sentiment of the following sentence as positive or negative.
Sentence: {sentence}
Sentiment:"
quantization,quantization,,,,,,,,"int2,fp16,int4",int2,fp16,int4,"0.0625,0.5000,0.1250",0.0625,0.5000,0.1250,872,444,0.5091743119266054,0.05796802316636377,0.7129418423416418,0.4382209777832031,0.2293362087673611,4.360410444451015,342884352.0,342884352.0,342884352.0,21489568.0,171497984.0,42919840.0,0.0627,0.5002,0.1252,google/flan-t5-base,validation,positive,negative,1465,2841,"Classify the sentiment of the following sentence as positive or negative.
Sentence: {sentence}
Sentiment:"
quantization,quantization,,,,,,,,"fp16,int4,int8",fp16,int4,int8,"0.5000,0.1250,0.2500",0.5000,0.1250,0.2500,872,444,0.5091743119266054,0.05799105012342932,0.7129418423416418,0.4382209777832031,0.2918362087673611,3.42657960170102,342884352.0,342884352.0,342884352.0,171497984.0,42919840.0,85780384.0,0.5002,0.1252,0.2502,google/flan-t5-base,validation,positive,negative,1465,2841,"Classify the sentiment of the following sentence as positive or negative.
Sentence: {sentence}
Sentiment:"
quantization,quantization,,,,,,,,"fp16,int4,int2",fp16,int4,int2,"0.5000,0.1250,0.0625",0.5000,0.1250,0.0625,872,444,0.5091743119266054,0.05800737271356661,0.7129418423416418,0.4382209777832031,0.2293362087673611,4.360410444451015,342884352.0,342884352.0,342884352.0,171497984.0,42919840.0,21489568.0,0.5002,0.1252,0.0627,google/flan-t5-base,validation,positive,negative,1465,2841,"Classify the sentiment of the following sentence as positive or negative.
Sentence: {sentence}
Sentiment:"
quantization,quantization,,,,,,,,"int4,fp16,int4",int4,fp16,int4,"0.1250,0.5000,0.1250",0.1250,0.5000,0.1250,872,444,0.5091743119266054,0.05917133211420952,0.7129418423416418,0.4382209777832031,0.2501695421006944,3.997289164791672,342884352.0,342884352.0,342884352.0,42919840.0,171497984.0,42919840.0,0.1252,0.5002,0.1252,google/flan-t5-base,validation,positive,negative,1465,2841,"Classify the sentiment of the following sentence as positive or negative.
Sentence: {sentence}
Sentiment:"
quantization,quantization,,,,,,,,"fp16,int4,int4",fp16,int4,int4,"0.5000,0.1250,0.1250",0.5000,0.1250,0.1250,872,444,0.5091743119266054,0.05928234265873704,0.7129418423416418,0.4382209777832031,0.2501695421006944,3.997289164791672,342884352.0,342884352.0,342884352.0,171497984.0,42919840.0,42919840.0,0.5002,0.1252,0.1252,google/flan-t5-base,validation,positive,negative,1465,2841,"Classify the sentiment of the following sentence as positive or negative.
Sentence: {sentence}
Sentiment:"
quantization,quantization,,,,,,,,"int4,int2,int4",int4,int2,int4,"0.1250,0.0625,0.1250",0.1250,0.0625,0.1250,872,444,0.5091743119266054,0.06090129622089497,0.7355235592257061,0.5539249176279121,0.104339599609375,9.584088914887394,342884352.0,342884352.0,342884352.0,42919840.0,21489568.0,42919840.0,0.1252,0.0627,0.1252,google/flan-t5-base,validation,positive,negative,1465,2841,"Classify the sentiment of the following sentence as positive or negative.
Sentence: {sentence}
Sentiment:"
quantization,quantization,,,,,,,,"int8,int4,int4",int8,int4,int4,"0.2500,0.1250,0.1250",0.2500,0.1250,0.1250,872,443,0.5080275229357798,0.060090362492718076,1.1036429979098636,1.5727022100889354,0.166839599609375,5.993780867020304,342884352.0,342884352.0,342884352.0,85780384.0,42919840.0,42919840.0,0.2502,0.1252,0.1252,google/flan-t5-base,validation,positive,negative,1465,2841,"Classify the sentiment of the following sentence as positive or negative.
Sentence: {sentence}
Sentiment:"
quantization,quantization,,,,,,,,"int4,int2,int8",int4,int2,int8,"0.1250,0.0625,0.2500",0.1250,0.0625,0.2500,872,442,0.5068807339449541,0.058439418569916364,0.7384883018740274,0.5456061858102816,0.14600626627604166,6.849021110569219,342884352.0,342884352.0,342884352.0,42919840.0,21489568.0,85780384.0,0.1252,0.0627,0.2502,google/flan-t5-base,validation,positive,negative,1465,2841,"Classify the sentiment of the following sentence as positive or negative.
Sentence: {sentence}
Sentiment:"
quantization,quantization,,,,,,,,"int2,int4,int2",int2,int4,int2,"0.0625,0.1250,0.0625",0.0625,0.1250,0.0625,872,442,0.5068807339449541,0.07422821157784927,0.9555063164844221,1.2670923613285252,0.08350626627604167,11.975149226458765,342884352.0,342884352.0,342884352.0,21489568.0,42919840.0,21489568.0,0.0627,0.1252,0.0627,google/flan-t5-base,validation,positive,negative,1465,2841,"Classify the sentiment of the following sentence as positive or negative.
Sentence: {sentence}
Sentiment:"
quantization,quantization,,,,,,,,"int2,int2,int2",int2,int2,int2,"0.0625,0.0625,0.0625",0.0625,0.0625,0.0625,872,442,0.5068807339449541,0.07535987305497631,0.7175332703584925,0.4196750838822181,0.06267293294270833,15.955851322837201,342884352.0,342884352.0,342884352.0,21489568.0,21489568.0,21489568.0,0.0627,0.0627,0.0627,google/flan-t5-base,validation,positive,negative,1465,2841,"Classify the sentiment of the following sentence as positive or negative.
Sentence: {sentence}
Sentiment:"
quantization,quantization,,,,,,,,"int8,int8,int2",int8,int8,int2,"0.2500,0.2500,0.0625",0.2500,0.2500,0.0625,872,441,0.5057339449541285,0.056652775229223996,0.7165876669347833,0.3999490541055662,0.18767293294270834,5.328418884492384,342884352.0,342884352.0,342884352.0,85780384.0,85780384.0,21489568.0,0.2502,0.2502,0.0627,google/flan-t5-base,validation,positive,negative,1465,2841,"Classify the sentiment of the following sentence as positive or negative.
Sentence: {sentence}
Sentiment:"
quantization,quantization,,,,,,,,"int2,int8,int2",int2,int8,int2,"0.0625,0.2500,0.0625",0.0625,0.2500,0.0625,872,440,0.5045871559633027,0.055468289104691884,0.7165436996232479,0.4234247781814785,0.12517293294270834,7.9889475822836244,342884352.0,342884352.0,342884352.0,21489568.0,85780384.0,21489568.0,0.0627,0.2502,0.0627,google/flan-t5-base,validation,positive,negative,1465,2841,"Classify the sentiment of the following sentence as positive or negative.
Sentence: {sentence}
Sentiment:"
quantization,quantization,,,,,,,,"int8,int2,int2",int8,int2,int2,"0.2500,0.0625,0.0625",0.2500,0.0625,0.0625,872,440,0.5045871559633027,0.05752905034524209,0.7153082937173066,0.4013827918866359,0.12517293294270834,7.9889475822836244,342884352.0,342884352.0,342884352.0,85780384.0,21489568.0,21489568.0,0.2502,0.0627,0.0627,google/flan-t5-base,validation,positive,negative,1465,2841,"Classify the sentiment of the following sentence as positive or negative.
Sentence: {sentence}
Sentiment:"
quantization,quantization,,,,,,,,"int4,int2,fp16",int4,int2,fp16,"0.1250,0.0625,0.5000",0.1250,0.0625,0.5000,872,440,0.5045871559633027,0.05770710596191022,0.7536887640492358,0.5198045252659999,0.2293362087673611,4.360410444451015,342884352.0,342884352.0,342884352.0,42919840.0,21489568.0,171497984.0,0.1252,0.0627,0.5002,google/flan-t5-base,validation,positive,negative,1465,2841,"Classify the sentiment of the following sentence as positive or negative.
Sentence: {sentence}
Sentiment:"
quantization,quantization,,,,,,,,"passthrough,int2,int2",passthrough,int2,int2,"1.0000,0.0625,0.0625",1.0000,0.0625,0.0625,872,439,0.5034403669724771,0.056445304920614926,0.7194582148702866,0.41384566377062315,0.3751152886284722,2.6658470883879017,342884352.0,342884352.0,342884352.0,342884352.0,21489568.0,21489568.0,1.0,0.0627,0.0627,google/flan-t5-base,validation,positive,negative,1465,2841,"Classify the sentiment of the following sentence as positive or negative.
Sentence: {sentence}
Sentiment:"
quantization,quantization,,,,,,,,"int4,int4,int2",int4,int4,int2,"0.1250,0.1250,0.0625",0.1250,0.1250,0.0625,872,439,0.5034403669724771,0.061159660316653416,0.9510866007527311,1.2756519872169736,0.104339599609375,9.584088914887394,342884352.0,342884352.0,342884352.0,42919840.0,42919840.0,21489568.0,0.1252,0.1252,0.0627,google/flan-t5-base,validation,positive,negative,1465,2841,"Classify the sentiment of the following sentence as positive or negative.
Sentence: {sentence}
Sentiment:"
quantization,quantization,,,,,,,,"int4,passthrough,int4",int4,passthrough,int4,"0.1250,1.0000,0.1250",0.1250,1.0000,0.1250,872,438,0.5022935779816514,0.058920582327585874,1.1492280312556824,1.7551207323345022,0.4167819552951389,2.3993361211904256,342884352.0,342884352.0,342884352.0,42919840.0,342884352.0,42919840.0,0.1252,1.0,0.1252,google/flan-t5-base,validation,positive,negative,1465,2841,"Classify the sentiment of the following sentence as positive or negative.
Sentence: {sentence}
Sentiment:"
quantization,quantization,,,,,,,,"int4,int4,int8",int4,int4,int8,"0.1250,0.1250,0.2500",0.1250,0.1250,0.2500,872,438,0.5022935779816514,0.059650482672881845,0.788247880910378,0.7758964886632534,0.166839599609375,5.993780867020304,342884352.0,342884352.0,342884352.0,42919840.0,42919840.0,85780384.0,0.1252,0.1252,0.2502,google/flan-t5-base,validation,positive,negative,1465,2841,"Classify the sentiment of the following sentence as positive or negative.
Sentence: {sentence}
Sentiment:"
quantization,quantization,,,,,,,,"int2,int4,passthrough",int2,int4,passthrough,"0.0625,0.1250,1.0000",0.0625,0.1250,1.0000,872,437,0.5011467889908257,0.054552245650701055,0.80516679836608,0.8056816445031297,0.3959486219618056,2.5255802003939367,342884352.0,342884352.0,342884352.0,21489568.0,42919840.0,342884352.0,0.0627,0.1252,1.0,google/flan-t5-base,validation,positive,negative,1465,2841,"Classify the sentiment of the following sentence as positive or negative.
Sentence: {sentence}
Sentiment:"
quantization,quantization,,,,,,,,"int2,int8,int8",int2,int8,int8,"0.0625,0.2500,0.2500",0.0625,0.2500,0.2500,872,437,0.5011467889908257,0.05581504358363192,0.7408937675570813,0.5619615846817646,0.18767293294270834,5.328418884492384,342884352.0,342884352.0,342884352.0,21489568.0,85780384.0,85780384.0,0.0627,0.2502,0.2502,google/flan-t5-base,validation,positive,negative,1465,2841,"Classify the sentiment of the following sentence as positive or negative.
Sentence: {sentence}
Sentiment:"
quantization,quantization,,,,,,,,"int2,int8,fp16",int2,int8,fp16,"0.0625,0.2500,0.5000",0.0625,0.2500,0.5000,872,437,0.5011467889908257,0.056041871221552374,0.741012606590371,0.5626547828726812,0.2710028754340278,3.689997747804109,342884352.0,342884352.0,342884352.0,21489568.0,85780384.0,171497984.0,0.0627,0.2502,0.5002,google/flan-t5-base,validation,positive,negative,1465,2841,"Classify the sentiment of the following sentence as positive or negative.
Sentence: {sentence}
Sentiment:"
quantization,quantization,,,,,,,,"int2,int8,passthrough",int2,int8,passthrough,"0.0625,0.2500,1.0000",0.0625,0.2500,1.0000,872,437,0.5011467889908257,0.056956632002449055,0.7410103073087307,0.5626496574200621,0.4376152886284722,2.2851121201320335,342884352.0,342884352.0,342884352.0,21489568.0,85780384.0,342884352.0,0.0627,0.2502,1.0,google/flan-t5-base,validation,positive,negative,1465,2841,"Classify the sentiment of the following sentence as positive or negative.
Sentence: {sentence}
Sentiment:"
quantization,quantization,,,,,,,,"int4,passthrough,passthrough",int4,passthrough,passthrough,"0.1250,1.0000,1.0000",0.1250,1.0000,1.0000,872,436,0.5,0.05620840194831611,0.8037180520931617,0.8550208861674737,0.7083909776475694,1.411649825525458,342884352.0,342884352.0,342884352.0,42919840.0,342884352.0,342884352.0,0.1252,1.0,1.0,google/flan-t5-base,validation,positive,negative,1465,2841,"Classify the sentiment of the following sentence as positive or negative.
Sentence: {sentence}
Sentiment:"
quantization,quantization,,,,,,,,"int4,int8,passthrough",int4,int8,passthrough,"0.1250,0.2500,1.0000",0.1250,0.2500,1.0000,872,435,0.4988532110091743,0.056486683602363655,0.8320755633170964,0.8640228050564407,0.4584486219618056,2.181269507847517,342884352.0,342884352.0,342884352.0,42919840.0,85780384.0,342884352.0,0.1252,0.2502,1.0,google/flan-t5-base,validation,positive,negative,1465,2841,"Classify the sentiment of the following sentence as positive or negative.
Sentence: {sentence}
Sentiment:"
quantization,quantization,,,,,,,,"int8,int4,int2",int8,int4,int2,"0.2500,0.1250,0.0625",0.2500,0.1250,0.0625,872,435,0.4988532110091743,0.058454707680364065,0.9258622538577125,1.2227629448432442,0.14600626627604166,6.849021110569219,342884352.0,342884352.0,342884352.0,85780384.0,42919840.0,21489568.0,0.2502,0.1252,0.0627,google/flan-t5-base,validation,positive,negative,1465,2841,"Classify the sentiment of the following sentence as positive or negative.
Sentence: {sentence}
Sentiment:"
quantization,quantization,,,,,,,,"int2,int4,int8",int2,int4,int8,"0.0625,0.1250,0.2500",0.0625,0.1250,0.2500,872,435,0.4988532110091743,0.07126770722957482,0.8025577739222881,0.8441665249133329,0.14600626627604166,6.849021110569219,342884352.0,342884352.0,342884352.0,21489568.0,42919840.0,85780384.0,0.0627,0.1252,0.2502,google/flan-t5-base,validation,positive,negative,1465,2841,"Classify the sentiment of the following sentence as positive or negative.
Sentence: {sentence}
Sentiment:"
quantization,quantization,,,,,,,,"int2,int4,int4",int2,int4,int4,"0.0625,0.1250,0.1250",0.0625,0.1250,0.1250,872,434,0.49770642201834864,0.07700171812443883,1.0517701058184734,1.4640377259582555,0.104339599609375,9.584088914887394,342884352.0,342884352.0,342884352.0,21489568.0,42919840.0,42919840.0,0.0627,0.1252,0.1252,google/flan-t5-base,validation,positive,negative,1465,2841,"Classify the sentiment of the following sentence as positive or negative.
Sentence: {sentence}
Sentiment:"
quantization,quantization,,,,,,,,"int4,int8,int8",int4,int8,int8,"0.1250,0.2500,0.2500",0.1250,0.2500,0.2500,872,432,0.4954128440366973,0.05767703945524222,0.8108086470437638,0.8860253295220366,0.20850626627604166,4.7960189295994535,342884352.0,342884352.0,342884352.0,42919840.0,85780384.0,85780384.0,0.1252,0.2502,0.2502,google/flan-t5-base,validation,positive,negative,1465,2841,"Classify the sentiment of the following sentence as positive or negative.
Sentence: {sentence}
Sentiment:"
quantization,quantization,,,,,,,,"passthrough,int4,int4",passthrough,int4,int4,"1.0000,0.1250,0.1250",1.0000,0.1250,0.1250,872,431,0.49426605504587157,0.05896094518739286,1.0827459715221783,1.5756562646786008,0.4167819552951389,2.3993361211904256,342884352.0,342884352.0,342884352.0,342884352.0,42919840.0,42919840.0,1.0,0.1252,0.1252,google/flan-t5-base,validation,positive,negative,1465,2841,"Classify the sentiment of the following sentence as positive or negative.
Sentence: {sentence}
Sentiment:"
quantization,quantization,,,,,,,,"int4,int8,int4",int4,int8,int4,"0.1250,0.2500,0.1250",0.1250,0.2500,0.1250,872,431,0.49426605504587157,0.05944614552726132,1.1209403586880557,1.737898224024871,0.166839599609375,5.993780867020304,342884352.0,342884352.0,342884352.0,42919840.0,85780384.0,42919840.0,0.1252,0.2502,0.1252,google/flan-t5-base,validation,positive,negative,1465,2841,"Classify the sentiment of the following sentence as positive or negative.
Sentence: {sentence}
Sentiment:"
quantization,quantization,,,,,,,,"int4,passthrough,int2",int4,passthrough,int2,"0.1250,1.0000,0.0625",0.1250,1.0000,0.0625,872,430,0.49311926605504586,0.05756862511230342,0.9318564511962271,1.1651907353790119,0.3959486219618056,2.5255802003939367,342884352.0,342884352.0,342884352.0,42919840.0,342884352.0,21489568.0,0.1252,1.0,0.0627,google/flan-t5-base,validation,positive,negative,1465,2841,"Classify the sentiment of the following sentence as positive or negative.
Sentence: {sentence}
Sentiment:"
quantization,quantization,,,,,,,,"int4,int4,int4",int4,int4,int4,"0.1250,0.1250,0.1250",0.1250,0.1250,0.1250,872,430,0.49311926605504586,0.06219143807298478,1.0407273681751101,1.5076938842192567,0.12517293294270834,7.9889475822836244,342884352.0,342884352.0,342884352.0,42919840.0,42919840.0,42919840.0,0.1252,0.1252,0.1252,google/flan-t5-base,validation,positive,negative,1465,2841,"Classify the sentiment of the following sentence as positive or negative.
Sentence: {sentence}
Sentiment:"
quantization,quantization,,,,,,,,"fp16,passthrough,passthrough",fp16,passthrough,passthrough,"0.5000,1.0000,1.0000",0.5000,1.0000,1.0000,872,428,0.4908256880733945,0.05318535126611129,,,0.8333875868055556,1.199921880085932,342884352.0,342884352.0,342884352.0,171497984.0,342884352.0,342884352.0,0.5002,1.0,1.0,google/flan-t5-base,validation,positive,negative,1465,2841,"Classify the sentiment of the following sentence as positive or negative.
Sentence: {sentence}
Sentiment:"
quantization,quantization,,,,,,,,"passthrough,fp16,passthrough",passthrough,fp16,passthrough,"1.0000,0.5000,1.0000",1.0000,0.5000,1.0000,872,428,0.4908256880733945,0.05340986282974823,,,0.8333875868055556,1.199921880085932,342884352.0,342884352.0,342884352.0,342884352.0,171497984.0,342884352.0,1.0,0.5002,1.0,google/flan-t5-base,validation,positive,negative,1465,2841,"Classify the sentiment of the following sentence as positive or negative.
Sentence: {sentence}
Sentiment:"
quantization,quantization,,,,,,,,"fp16,fp16,passthrough",fp16,fp16,passthrough,"0.5000,0.5000,1.0000",0.5000,0.5000,1.0000,872,428,0.4908256880733945,0.05350659703280469,,,0.6667751736111112,1.4997558991049633,342884352.0,342884352.0,342884352.0,171497984.0,171497984.0,342884352.0,0.5002,0.5002,1.0,google/flan-t5-base,validation,positive,negative,1465,2841,"Classify the sentiment of the following sentence as positive or negative.
Sentence: {sentence}
Sentiment:"
quantization,quantization,,,,,,,,"passthrough,fp16,fp16",passthrough,fp16,fp16,"1.0000,0.5000,0.5000",1.0000,0.5000,0.5000,872,428,0.4908256880733945,0.05379659827550822,,,0.6667751736111112,1.4997558991049633,342884352.0,342884352.0,342884352.0,342884352.0,171497984.0,171497984.0,1.0,0.5002,0.5002,google/flan-t5-base,validation,positive,negative,1465,2841,"Classify the sentiment of the following sentence as positive or negative.
Sentence: {sentence}
Sentiment:"
quantization,quantization,,,,,,,,"fp16,passthrough,fp16",fp16,passthrough,fp16,"0.5000,1.0000,0.5000",0.5000,1.0000,0.5000,872,428,0.4908256880733945,0.05380523130468546,,,0.6667751736111112,1.4997558991049633,342884352.0,342884352.0,342884352.0,171497984.0,342884352.0,171497984.0,0.5002,1.0,0.5002,google/flan-t5-base,validation,positive,negative,1465,2841,"Classify the sentiment of the following sentence as positive or negative.
Sentence: {sentence}
Sentiment:"
quantization,quantization,,,,,,,,"int8,passthrough,passthrough",int8,passthrough,passthrough,"0.2500,1.0000,1.0000",0.2500,1.0000,1.0000,872,428,0.4908256880733945,0.053809756876627375,0.7888183141246848,0.7928687640286367,0.7500576443142362,1.3332308624282891,342884352.0,342884352.0,342884352.0,85780384.0,342884352.0,342884352.0,0.2502,1.0,1.0,google/flan-t5-base,validation,positive,negative,1465,2841,"Classify the sentiment of the following sentence as positive or negative.
Sentence: {sentence}
Sentiment:"
quantization,quantization,,,,,,,,"int8,fp16,passthrough",int8,fp16,passthrough,"0.2500,0.5000,1.0000",0.2500,0.5000,1.0000,872,428,0.4908256880733945,0.05385711823788753,,,0.5834452311197916,1.7139569348792607,342884352.0,342884352.0,342884352.0,85780384.0,171497984.0,342884352.0,0.2502,0.5002,1.0,google/flan-t5-base,validation,positive,negative,1465,2841,"Classify the sentiment of the following sentence as positive or negative.
Sentence: {sentence}
Sentiment:"
quantization,quantization,,,,,,,,"fp16,fp16,fp16",fp16,fp16,fp16,"0.5000,0.5000,0.5000",0.5000,0.5000,0.5000,872,428,0.4908256880733945,0.05393151169612901,,,0.5001627604166666,1.9993491701919948,342884352.0,342884352.0,342884352.0,171497984.0,171497984.0,171497984.0,0.5002,0.5002,0.5002,google/flan-t5-base,validation,positive,negative,1465,2841,"Classify the sentiment of the following sentence as positive or negative.
Sentence: {sentence}
Sentiment:"
quantization,quantization,,,,,,,,"int8,passthrough,fp16",int8,passthrough,fp16,"0.2500,1.0000,0.5000",0.2500,1.0000,0.5000,872,428,0.4908256880733945,0.05424016811927661,0.7888195498444892,0.7928669906537468,0.5834452311197916,1.7139569348792607,342884352.0,342884352.0,342884352.0,85780384.0,342884352.0,171497984.0,0.2502,1.0,0.5002,google/flan-t5-base,validation,positive,negative,1465,2841,"Classify the sentiment of the following sentence as positive or negative.
Sentence: {sentence}
Sentiment:"
quantization,quantization,,,,,,,,"int8,fp16,fp16",int8,fp16,fp16,"0.2500,0.5000,0.5000",0.2500,0.5000,0.5000,872,428,0.4908256880733945,0.05452582363034983,,,0.4168328179253472,2.3990433502265534,342884352.0,342884352.0,342884352.0,85780384.0,171497984.0,171497984.0,0.2502,0.5002,0.5002,google/flan-t5-base,validation,positive,negative,1465,2841,"Classify the sentiment of the following sentence as positive or negative.
Sentence: {sentence}
Sentiment:"
quantization,quantization,,,,,,,,"int8,passthrough,int8",int8,passthrough,int8,"0.2500,1.0000,0.2500",0.2500,1.0000,0.2500,872,428,0.4908256880733945,0.05481663520699965,0.7891678804480428,0.7934281470578745,0.5001152886284722,1.999538951793342,342884352.0,342884352.0,342884352.0,85780384.0,342884352.0,85780384.0,0.2502,1.0,0.2502,google/flan-t5-base,validation,positive,negative,1465,2841,"Classify the sentiment of the following sentence as positive or negative.
Sentence: {sentence}
Sentiment:"
quantization,quantization,,,,,,,,"int2,fp16,passthrough",int2,fp16,passthrough,"0.0625,0.5000,1.0000",0.0625,0.5000,1.0000,872,428,0.4908256880733945,0.05505457797692234,,,0.5209452311197916,1.9195875886040108,342884352.0,342884352.0,342884352.0,21489568.0,171497984.0,342884352.0,0.0627,0.5002,1.0,google/flan-t5-base,validation,positive,negative,1465,2841,"Classify the sentiment of the following sentence as positive or negative.
Sentence: {sentence}
Sentiment:"
quantization,quantization,,,,,,,,"int2,fp16,fp16",int2,fp16,fp16,"0.0625,0.5000,0.5000",0.0625,0.5000,0.5000,872,428,0.4908256880733945,0.05572540859837051,,,0.3543328179253472,2.8222054221652297,342884352.0,342884352.0,342884352.0,21489568.0,171497984.0,171497984.0,0.0627,0.5002,0.5002,google/flan-t5-base,validation,positive,negative,1465,2841,"Classify the sentiment of the following sentence as positive or negative.
Sentence: {sentence}
Sentiment:"
quantization,quantization,,,,,,,,"int4,fp16,passthrough",int4,fp16,passthrough,"0.1250,0.5000,1.0000",0.1250,0.5000,1.0000,872,428,0.4908256880733945,0.05619108944879247,,,0.541778564453125,1.84577254548527,342884352.0,342884352.0,342884352.0,42919840.0,171497984.0,342884352.0,0.1252,0.5002,1.0,google/flan-t5-base,validation,positive,negative,1465,2841,"Classify the sentiment of the following sentence as positive or negative.
Sentence: {sentence}
Sentiment:"
quantization,quantization,,,,,,,,"int4,fp16,fp16",int4,fp16,fp16,"0.1250,0.5000,0.5000",0.1250,0.5000,0.5000,872,428,0.4908256880733945,0.05678538142739786,,,0.3751661512586806,2.665485669869217,342884352.0,342884352.0,342884352.0,42919840.0,171497984.0,171497984.0,0.1252,0.5002,0.5002,google/flan-t5-base,validation,positive,negative,1465,2841,"Classify the sentiment of the following sentence as positive or negative.
Sentence: {sentence}
Sentiment:"
quantization,quantization,,,,,,,,"int8,int8,int4",int8,int8,int4,"0.2500,0.2500,0.1250",0.2500,0.2500,0.1250,872,426,0.48853211009174313,0.05762868978503938,0.7549672096608839,0.5537846186839113,0.20850626627604166,4.7960189295994535,342884352.0,342884352.0,342884352.0,85780384.0,85780384.0,42919840.0,0.2502,0.2502,0.1252,google/flan-t5-base,validation,positive,negative,1465,2841,"Classify the sentiment of the following sentence as positive or negative.
Sentence: {sentence}
Sentiment:"
quantization,quantization,,,,,,,,"int8,int4,int8",int8,int4,int8,"0.2500,0.1250,0.2500",0.2500,0.1250,0.2500,872,425,0.4873853211009174,0.05760424690152339,0.8173416909855713,0.7663142599097086,0.20850626627604166,4.7960189295994535,342884352.0,342884352.0,342884352.0,85780384.0,42919840.0,85780384.0,0.2502,0.1252,0.2502,google/flan-t5-base,validation,positive,negative,1465,2841,"Classify the sentiment of the following sentence as positive or negative.
Sentence: {sentence}
Sentiment:"
quantization,quantization,,,,,,,,"passthrough,int2,int8",passthrough,int2,int8,"1.0000,0.0625,0.2500",1.0000,0.0625,0.2500,872,423,0.48509174311926606,0.05560322958653485,0.7529035177970425,0.518329514275997,0.4376152886284722,2.2851121201320335,342884352.0,342884352.0,342884352.0,342884352.0,21489568.0,85780384.0,1.0,0.0627,0.2502,google/flan-t5-base,validation,positive,negative,1465,2841,"Classify the sentiment of the following sentence as positive or negative.
Sentence: {sentence}
Sentiment:"
quantization,quantization,,,,,,,,"int8,passthrough,int4",int8,passthrough,int4,"0.2500,1.0000,0.1250",0.2500,1.0000,0.1250,872,422,0.48394495412844035,0.05697804588425067,0.7902957387952083,0.7812410964878327,0.4584486219618056,2.181269507847517,342884352.0,342884352.0,342884352.0,85780384.0,342884352.0,42919840.0,0.2502,1.0,0.1252,google/flan-t5-base,validation,positive,negative,1465,2841,"Classify the sentiment of the following sentence as positive or negative.
Sentence: {sentence}
Sentiment:"
quantization,quantization,,,,,,,,"passthrough,int2,passthrough",passthrough,int2,passthrough,"1.0000,0.0625,1.0000",1.0000,0.0625,1.0000,872,421,0.4827981651376147,0.054412957224802654,0.7526629857821475,0.516312750654483,0.6875576443142362,1.4544235065517905,342884352.0,342884352.0,342884352.0,342884352.0,21489568.0,342884352.0,1.0,0.0627,1.0,google/flan-t5-base,validation,positive,negative,1465,2841,"Classify the sentiment of the following sentence as positive or negative.
Sentence: {sentence}
Sentiment:"
quantization,quantization,,,,,,,,"passthrough,int2,fp16",passthrough,int2,fp16,"1.0000,0.0625,0.5000",1.0000,0.0625,0.5000,872,421,0.4827981651376147,0.05551314277738897,0.7526605393600847,0.5163079338883041,0.5209452311197916,1.9195875886040108,342884352.0,342884352.0,342884352.0,342884352.0,21489568.0,171497984.0,1.0,0.0627,0.5002,google/flan-t5-base,validation,positive,negative,1465,2841,"Classify the sentiment of the following sentence as positive or negative.
Sentence: {sentence}
Sentiment:"
quantization,quantization,,,,,,,,"int8,int2,int4",int8,int2,int4,"0.2500,0.0625,0.1250",0.2500,0.0625,0.1250,872,421,0.4827981651376147,0.058390812271214815,0.760435887774743,0.5537828794859965,0.14600626627604166,6.849021110569219,342884352.0,342884352.0,342884352.0,85780384.0,21489568.0,42919840.0,0.2502,0.0627,0.1252,google/flan-t5-base,validation,positive,negative,1465,2841,"Classify the sentiment of the following sentence as positive or negative.
Sentence: {sentence}
Sentiment:"
quantization,quantization,,,,,,,,"int2,int2,int8",int2,int2,int8,"0.0625,0.0625,0.2500",0.0625,0.0625,0.2500,872,421,0.4827981651376147,0.06853103910363492,0.7536602772755223,0.5134801238501837,0.12517293294270834,7.9889475822836244,342884352.0,342884352.0,342884352.0,21489568.0,21489568.0,85780384.0,0.0627,0.0627,0.2502,google/flan-t5-base,validation,positive,negative,1465,2841,"Classify the sentiment of the following sentence as positive or negative.
Sentence: {sentence}
Sentiment:"
quantization,quantization,,,,,,,,"int8,int8,passthrough",int8,int8,passthrough,"0.2500,0.2500,1.0000",0.2500,0.2500,1.0000,872,420,0.481651376146789,0.0542770698367524,0.7518045223839239,0.5422976645854635,0.5001152886284722,1.999538951793342,342884352.0,342884352.0,342884352.0,85780384.0,85780384.0,342884352.0,0.2502,0.2502,1.0,google/flan-t5-base,validation,positive,negative,1465,2841,"Classify the sentiment of the following sentence as positive or negative.
Sentence: {sentence}
Sentiment:"
quantization,quantization,,,,,,,,"int8,int8,fp16",int8,int8,fp16,"0.2500,0.2500,0.5000",0.2500,0.2500,0.5000,872,420,0.481651376146789,0.054918186355664166,0.751807133419388,0.5423063127272719,0.3335028754340278,2.9984748968013504,342884352.0,342884352.0,342884352.0,85780384.0,85780384.0,171497984.0,0.2502,0.2502,0.5002,google/flan-t5-base,validation,positive,negative,1465,2841,"Classify the sentiment of the following sentence as positive or negative.
Sentence: {sentence}
Sentiment:"
quantization,quantization,,,,,,,,"int8,int8,int8",int8,int8,int8,"0.2500,0.2500,0.2500",0.2500,0.2500,0.2500,872,419,0.4805045871559633,0.05555859849459295,0.7522496747519445,0.544009799257331,0.2501729329427083,3.9972349855649982,342884352.0,342884352.0,342884352.0,85780384.0,85780384.0,85780384.0,0.2502,0.2502,0.2502,google/flan-t5-base,validation,positive,negative,1465,2841,"Classify the sentiment of the following sentence as positive or negative.
Sentence: {sentence}
Sentiment:"
quantization,quantization,,,,,,,,"int2,int2,fp16",int2,int2,fp16,"0.0625,0.0625,0.5000",0.0625,0.0625,0.5000,872,419,0.4805045871559633,0.0660215209931383,0.7534683824542465,0.5117415835004334,0.2085028754340278,4.796096926329485,342884352.0,342884352.0,342884352.0,21489568.0,21489568.0,171497984.0,0.0627,0.0627,0.5002,google/flan-t5-base,validation,positive,negative,1465,2841,"Classify the sentiment of the following sentence as positive or negative.
Sentence: {sentence}
Sentiment:"
quantization,quantization,,,,,,,,"int2,int2,passthrough",int2,int2,passthrough,"0.0625,0.0625,1.0000",0.0625,0.0625,1.0000,872,419,0.4805045871559633,0.07124337408619019,0.7534692858884094,0.5117435023325299,0.3751152886284722,2.6658470883879017,342884352.0,342884352.0,342884352.0,21489568.0,21489568.0,342884352.0,0.0627,0.0627,1.0,google/flan-t5-base,validation,positive,negative,1465,2841,"Classify the sentiment of the following sentence as positive or negative.
Sentence: {sentence}
Sentiment:"
quantization,quantization,,,,,,,,"passthrough,int2,int4",passthrough,int2,int4,"1.0000,0.0625,0.1250",1.0000,0.0625,0.1250,872,418,0.4793577981651376,0.05802004529353351,0.7617440743354755,0.5327340935895203,0.3959486219618056,2.5255802003939367,342884352.0,342884352.0,342884352.0,342884352.0,21489568.0,42919840.0,1.0,0.0627,0.1252,google/flan-t5-base,validation,positive,negative,1465,2841,"Classify the sentiment of the following sentence as positive or negative.
Sentence: {sentence}
Sentiment:"
quantization,quantization,,,,,,,,"int4,int2,passthrough",int4,int2,passthrough,"0.1250,0.0625,1.0000",0.1250,0.0625,1.0000,872,415,0.47591743119266056,0.057608477990228446,0.7601153500924963,0.5341916385046933,0.3959486219618056,2.5255802003939367,342884352.0,342884352.0,342884352.0,42919840.0,21489568.0,342884352.0,0.1252,0.0627,1.0,google/flan-t5-base,validation,positive,negative,1465,2841,"Classify the sentiment of the following sentence as positive or negative.
Sentence: {sentence}
Sentiment:"
quantization,quantization,,,,,,,,"int2,int2,int4",int2,int2,int4,"0.0625,0.0625,0.1250",0.0625,0.0625,0.1250,872,415,0.47591743119266056,0.07265616823714055,0.757619639738984,0.5362640731378433,0.08350626627604167,11.975149226458765,342884352.0,342884352.0,342884352.0,21489568.0,21489568.0,42919840.0,0.0627,0.0627,0.1252,google/flan-t5-base,validation,positive,negative,1465,2841,"Classify the sentiment of the following sentence as positive or negative.
Sentence: {sentence}
Sentiment:"
quantization,quantization,,,,,,,,"int8,int2,int8",int8,int2,int8,"0.2500,0.0625,0.2500",0.2500,0.0625,0.2500,872,410,0.4701834862385321,0.056672086004688996,0.7633511536165115,0.536685009615137,0.18767293294270834,5.328418884492384,342884352.0,342884352.0,342884352.0,85780384.0,21489568.0,85780384.0,0.2502,0.0627,0.2502,google/flan-t5-base,validation,positive,negative,1465,2841,"Classify the sentiment of the following sentence as positive or negative.
Sentence: {sentence}
Sentiment:"
quantization,quantization,,,,,,,,"int8,int2,passthrough",int8,int2,passthrough,"0.2500,0.0625,1.0000",0.2500,0.0625,1.0000,872,408,0.46788990825688076,0.055067838557329406,0.7630780163913145,0.5347123952633744,0.4376152886284722,2.2851121201320335,342884352.0,342884352.0,342884352.0,85780384.0,21489568.0,342884352.0,0.2502,0.0627,1.0,google/flan-t5-base,validation,positive,negative,1465,2841,"Classify the sentiment of the following sentence as positive or negative.
Sentence: {sentence}
Sentiment:"
quantization,quantization,,,,,,,,"int8,int2,fp16",int8,int2,fp16,"0.2500,0.0625,0.5000",0.2500,0.0625,0.5000,872,408,0.46788990825688076,0.05646638990777177,0.7630752838994248,0.5347073881997975,0.2710028754340278,3.689997747804109,342884352.0,342884352.0,342884352.0,85780384.0,21489568.0,171497984.0,0.2502,0.0627,0.5002,google/flan-t5-base,validation,positive,negative,1465,2841,"Classify the sentiment of the following sentence as positive or negative.
Sentence: {sentence}
Sentiment:"
