compressor,compressor_policy,llm_policy,outlier_precision,regular_precision,outlier_values,outlier0,outlier1,outlier2,quant_precision_values,quant0_precision,quant1_precision,quant2_precision,k_values,k0,k1,k2,num_batches,num_samples,correct_count,avg_accuracy,avg_latency,avg_ce_loss,avg_payload_ratio,tp0_original_bytes,tp1_original_bytes,tp2_original_bytes,tp0_compressed_bytes,tp1_compressed_bytes,tp2_compressed_bytes,tp0_payload_ratio,tp1_payload_ratio,tp2_payload_ratio,avg_compression_ratio
quantization,quantization,,,,,,,,"passthrough,fp16,passthrough",passthrough,fp16,passthrough,"1.0000,0.5000,1.0000",1.0000,0.5000,1.0000,100,10000,9329,0.9329,0.01140181306283921,0.357754315584898,0.8571484375,655360000.0,327680000.0,163840000.0,655360000.0,163846400.0,163840000.0,1.0,0.5,1.0,1.1666590712300051
quantization,quantization,,,,,,,,"passthrough,fp16,fp16",passthrough,fp16,fp16,"1.0000,0.5000,0.5000",1.0000,0.5000,0.5000,100,10000,9329,0.9329,0.011755373002961278,0.3577561277896166,0.7857254464285715,655360000.0,327680000.0,163840000.0,655360000.0,163846400.0,81926400.0,1.0,0.5,0.5,1.2727091944716695
quantization,quantization,,,,,,,,"fp16,fp16,fp16",fp16,fp16,fp16,"0.5000,0.5000,0.5000",0.5000,0.5000,0.5000,100,10000,9329,0.9329,0.011992340991273522,0.35775979436933997,0.5000167410714286,655360000.0,327680000.0,163840000.0,327686400.0,163846400.0,81926400.0,0.5,0.5,0.5,1.9999330379563185
quantization,quantization,,,,,,,,"fp16,passthrough,passthrough",fp16,passthrough,passthrough,"0.5000,1.0000,1.0000",0.5000,1.0000,1.0000,100,10000,9329,0.9329,0.012495429054833949,0.3577661508321762,0.7142912946428571,655360000.0,327680000.0,163840000.0,327686400.0,327680000.0,163840000.0,0.5,1.0,1.0,1.3999890625854485
quantization,quantization,,,,,,,,"fp16,int8,fp16",fp16,int8,fp16,"0.5000,0.2500,0.5000",0.5000,0.2500,0.5000,100,10000,9328,0.9328,0.011614093016833067,0.3579214206337929,0.4285885184151786,655360000.0,327680000.0,163840000.0,327686400.0,81926800.0,81926400.0,0.5,0.25,0.5,2.333240292338603
quantization,quantization,,,,,,,,"fp16,int8,passthrough",fp16,int8,passthrough,"0.5000,0.2500,1.0000",0.5000,0.2500,1.0000,100,10000,9328,0.9328,0.011748457052744925,0.3579211027920246,0.5000115094866071,655360000.0,327680000.0,163840000.0,327686400.0,81926800.0,163840000.0,0.5,0.25,1.0,1.9999539631132932
quantization,quantization,,,,,,,,"passthrough,passthrough,passthrough",passthrough,passthrough,passthrough,"1.0000,1.0000,1.0000",1.0000,1.0000,1.0000,100,10000,9328,0.9328,0.011769737992435693,0.3577557120472193,1.0,655360000.0,327680000.0,163840000.0,655360000.0,327680000.0,163840000.0,1.0,1.0,1.0,1.0
quantization,quantization,,,,,,,,"passthrough,int8,passthrough",passthrough,int8,passthrough,"1.0000,0.2500,1.0000",1.0000,0.2500,1.0000,100,10000,9328,0.9328,0.011816470040939749,0.35798558197915553,0.78572021484375,655360000.0,327680000.0,163840000.0,655360000.0,81926800.0,163840000.0,1.0,0.25,1.0,1.2727176685900363
quantization,quantization,,,,,,,,"fp16,fp16,passthrough",fp16,fp16,passthrough,"0.5000,0.5000,1.0000",0.5000,0.5000,1.0000,100,10000,9328,0.9328,0.011859222967177629,0.3577597726136446,0.5714397321428571,655360000.0,327680000.0,163840000.0,327686400.0,163846400.0,163840000.0,0.5,0.5,1.0,1.749965820980059
quantization,quantization,,,,,,,,"passthrough,passthrough,fp16",passthrough,passthrough,fp16,"1.0000,1.0000,0.5000",1.0000,1.0000,0.5000,100,10000,9328,0.9328,0.011906461995095015,0.357755493670702,0.9285770089285714,655360000.0,327680000.0,163840000.0,655360000.0,327680000.0,81926400.0,1.0,1.0,0.5,1.076916605068479
quantization,quantization,,,,,,,,"fp16,passthrough,fp16",fp16,passthrough,fp16,"0.5000,1.0000,0.5000",0.5000,1.0000,0.5000,100,10000,9328,0.9328,0.011999780065380036,0.35776399202644826,0.6428683035714285,655360000.0,327680000.0,163840000.0,327686400.0,327680000.0,81926400.0,0.5,1.0,0.5,1.555528549851565
quantization,quantization,,,,,,,,"passthrough,int8,fp16",passthrough,int8,fp16,"1.0000,0.2500,0.5000",1.0000,0.2500,0.5000,100,10000,9328,0.9328,0.01241286700591445,0.3579912023991346,0.7142972237723214,655360000.0,327680000.0,163840000.0,655360000.0,81926800.0,81926400.0,1.0,0.25,0.5,1.399977441769737
quantization,quantization,,,,,,,,"int8,passthrough,passthrough",int8,passthrough,passthrough,"0.2500,1.0000,1.0000",0.2500,1.0000,1.0000,100,10000,9327,0.9327,0.01113894301932305,0.3581285869330168,0.5714345005580357,655360000.0,327680000.0,163840000.0,163846800.0,327680000.0,163840000.0,0.25,1.0,1.0,1.7499818422294202
quantization,quantization,,,,,,,,"int8,passthrough,fp16",int8,passthrough,fp16,"0.2500,1.0000,0.5000",0.2500,1.0000,0.5000,100,10000,9327,0.9327,0.011356911002658308,0.35813463121652606,0.5000115094866071,655360000.0,327680000.0,163840000.0,163846800.0,327680000.0,81926400.0,0.25,1.0,0.5,1.9999539631132932
quantization,quantization,,,,,,,,"int8,fp16,passthrough",int8,fp16,passthrough,"0.2500,0.5000,1.0000",0.2500,0.5000,1.0000,100,10000,9327,0.9327,0.011555434009060263,0.3581211306154728,0.4285829380580357,655360000.0,327680000.0,163840000.0,163846800.0,163846400.0,163840000.0,0.25,0.5,1.0,2.3332706722557095
quantization,quantization,,,,,,,,"int8,fp16,fp16",int8,fp16,fp16,"0.2500,0.5000,0.5000",0.2500,0.5000,0.5000,100,10000,9327,0.9327,0.011831531077623367,0.3581228794157505,0.35715994698660714,655360000.0,327680000.0,163840000.0,163846800.0,163846400.0,81926400.0,0.25,0.5,0.5,2.799866022036055
quantization,quantization,,,,,,,,"passthrough,int8,int8",passthrough,int8,int8,"1.0000,0.2500,0.2500",1.0000,0.2500,0.2500,100,10000,9327,0.9327,0.01189126999117434,0.35857775673270226,0.6785832868303572,655360000.0,327680000.0,163840000.0,655360000.0,81926800.0,40966800.0,1.0,0.25,0.25,1.4736584578600087
quantization,quantization,,,,,,,,"fp16,int8,int8",fp16,int8,int8,"0.5000,0.2500,0.2500",0.5000,0.2500,0.2500,100,10000,9327,0.9327,0.012462631086818873,0.3583534909784794,0.3928745814732143,655360000.0,327680000.0,163840000.0,327686400.0,81926800.0,40966800.0,0.5,0.25,0.25,2.5453415597674107
quantization,quantization,,,,,,,,"int8,passthrough,int8",int8,passthrough,int8,"0.2500,1.0000,0.2500",0.2500,1.0000,0.2500,100,10000,9325,0.9325,0.011690922980196774,0.35805474400520326,0.4642975725446429,655360000.0,327680000.0,163840000.0,163846800.0,327680000.0,40966800.0,0.25,1.0,0.25,2.1537911441564743
quantization,quantization,,,,,,,,"int8,int8,fp16",int8,int8,fp16,"0.2500,0.2500,0.5000",0.2500,0.2500,0.5000,100,10000,9324,0.9324,0.01151341499760747,0.3578209164738655,0.28573172433035715,655360000.0,327680000.0,163840000.0,163846800.0,81926800.0,81926400.0,0.25,0.25,0.5,3.4997863899908452
quantization,quantization,,,,,,,,"int8,int8,passthrough",int8,int8,passthrough,"0.2500,0.2500,1.0000",0.2500,0.2500,1.0000,100,10000,9324,0.9324,0.01156669091898948,0.3578204087167978,0.3571547154017857,655360000.0,327680000.0,163840000.0,163846800.0,81926800.0,163840000.0,0.25,0.25,1.0,2.7999070343367505
quantization,quantization,,,,,,,,"passthrough,fp16,int8",passthrough,fp16,int8,"1.0000,0.5000,0.2500",1.0000,0.5000,0.2500,100,10000,9324,0.9324,0.011720066913403571,0.3574908594042063,0.7500115094866071,655360000.0,327680000.0,163840000.0,655360000.0,163846400.0,40966800.0,1.0,0.5,0.25,1.3333128723378036
quantization,quantization,,,,,,,,"int8,fp16,int8",int8,fp16,int8,"0.2500,0.5000,0.2500",0.2500,0.5000,0.2500,100,10000,9323,0.9323,0.011662354944273829,0.35803602673113344,0.32144601004464285,655360000.0,327680000.0,163840000.0,163846800.0,163846400.0,40966800.0,0.25,0.5,0.25,3.110942331687734
quantization,quantization,,,,,,,,"passthrough,passthrough,int8",passthrough,passthrough,int8,"1.0000,1.0000,0.2500",1.0000,1.0000,0.2500,100,10000,9323,0.9323,0.012182719958946108,0.35750633373856544,0.8928630719866072,655360000.0,327680000.0,163840000.0,655360000.0,327680000.0,40966800.0,1.0,1.0,0.25,1.1199925625493894
quantization,quantization,,,,,,,,"int8,int8,int8",int8,int8,int8,"0.2500,0.2500,0.2500",0.2500,0.2500,0.2500,100,10000,9322,0.9322,0.011539672031067311,0.3585325665771961,0.25001778738839286,655360000.0,327680000.0,163840000.0,163846800.0,81926800.0,40966800.0,0.25,0.25,0.25,3.9997154220333098
quantization,quantization,,,,,,,,"fp16,fp16,int8",fp16,fp16,int8,"0.5000,0.5000,0.2500",0.5000,0.5000,0.2500,100,10000,9322,0.9322,0.011804979993030429,0.35744758017361167,0.4643028041294643,655360000.0,327680000.0,163840000.0,327686400.0,163846400.0,40966800.0,0.5,0.5,0.25,2.1537668760690147
quantization,quantization,,,,,,,,"fp16,passthrough,int8",fp16,passthrough,int8,"0.5000,1.0000,0.2500",0.5000,1.0000,0.2500,100,10000,9322,0.9322,0.012137776026502251,0.3574796026945114,0.6071543666294643,655360000.0,327680000.0,163840000.0,327686400.0,327680000.0,40966800.0,0.5,1.0,0.25,1.64702760115416
quantization,quantization,,,,,,,,"int8,int4,passthrough",int8,int4,passthrough,"0.2500,0.1250,1.0000",0.2500,0.1250,1.0000,100,10000,9266,0.9266,0.012088015987537802,0.40235812120139597,0.3214404296875,655360000.0,327680000.0,163840000.0,163846800.0,40966800.0,163840000.0,0.25,0.125,1.0,3.1109963391107534
quantization,quantization,,,,,,,,"passthrough,int4,fp16",passthrough,int4,fp16,"1.0000,0.1250,0.5000",1.0000,0.1250,0.5000,100,10000,9265,0.9265,0.011767184971831738,0.401196443811059,0.6785829380580357,655360000.0,327680000.0,163840000.0,655360000.0,40966800.0,81926400.0,1.0,0.125,0.5,1.4736592152785237
quantization,quantization,,,,,,,,"fp16,int4,int8",fp16,int4,int8,"0.5000,0.1250,0.2500",0.5000,0.1250,0.2500,100,10000,9260,0.926,0.011767483027651906,0.3991613199561834,0.35716029575892855,655360000.0,327680000.0,163840000.0,327686400.0,40966800.0,40966800.0,0.5,0.125,0.25,2.7998632879253944
quantization,quantization,,,,,,,,"int8,int4,fp16",int8,int4,fp16,"0.2500,0.1250,0.5000",0.2500,0.1250,0.5000,100,10000,9257,0.9257,0.011569645991548895,0.4052421247959137,0.25001743861607145,655360000.0,327680000.0,163840000.0,163846800.0,40966800.0,81926400.0,0.25,0.125,0.5,3.999721001604241
quantization,quantization,,,,,,,,"fp16,int4,passthrough",fp16,int4,passthrough,"0.5000,0.1250,1.0000",0.5000,0.1250,1.0000,100,10000,9255,0.9255,0.011591512002050877,0.41436688654124737,0.4642972237723214,655360000.0,327680000.0,163840000.0,327686400.0,40966800.0,163840000.0,0.5,0.125,1.0,2.153792762048417
quantization,quantization,,,,,,,,"int8,int4,int8",int8,int4,int8,"0.2500,0.1250,0.2500",0.2500,0.1250,0.2500,100,10000,9249,0.9249,0.011758431997150183,0.42217225350439547,0.21430350167410714,655360000.0,327680000.0,163840000.0,163846800.0,40966800.0,40966800.0,0.25,0.125,0.25,4.66627932902705
quantization,quantization,,,,,,,,"fp16,int4,fp16",fp16,int4,fp16,"0.5000,0.1250,0.5000",0.5000,0.1250,0.5000,100,10000,9240,0.924,0.011806489019654691,0.4143734160065651,0.39287423270089283,655360000.0,327680000.0,163840000.0,327686400.0,40966800.0,81926400.0,0.5,0.125,0.5,2.545343819382857
quantization,quantization,,,,,,,,"passthrough,int4,passthrough",passthrough,int4,passthrough,"1.0000,0.1250,1.0000",1.0000,0.1250,1.0000,100,10000,9239,0.9239,0.012092780969105661,0.40407925270497796,0.7500059291294643,655360000.0,327680000.0,163840000.0,655360000.0,40966800.0,163840000.0,1.0,0.125,1.0,1.3333227927420588
quantization,quantization,,,,,,,,"passthrough,int4,int8",passthrough,int4,int8,"1.0000,0.1250,0.2500",1.0000,0.1250,0.2500,100,10000,9230,0.923,0.011985408971086145,0.41399672694504264,0.6428690011160715,655360000.0,327680000.0,163840000.0,655360000.0,40966800.0,40966800.0,1.0,0.125,0.25,1.5555268620261995
quantization,quantization,,,,,,,,"int4,fp16,fp16",int4,fp16,fp16,"0.1250,0.5000,0.5000",0.1250,0.5000,0.5000,100,10000,9190,0.919,0.01170526004396379,0.44219285421073434,0.28573137555803574,655360000.0,327680000.0,163840000.0,81926800.0,163846400.0,81926400.0,0.125,0.5,0.5,3.499790661935504
quantization,quantization,,,,,,,,"int4,int8,fp16",int4,int8,fp16,"0.1250,0.2500,0.5000",0.1250,0.2500,0.5000,100,10000,9184,0.9184,0.011556036043912173,0.43591394893825053,0.21430315290178573,655360000.0,327680000.0,163840000.0,81926800.0,81926800.0,81926400.0,0.125,0.25,0.5,4.666286923264709
quantization,quantization,,,,,,,,"int4,int8,passthrough",int4,int8,passthrough,"0.1250,0.2500,1.0000",0.1250,0.2500,1.0000,100,10000,9178,0.9178,0.011504600048065186,0.434031375721097,0.2857261439732143,655360000.0,327680000.0,163840000.0,81926800.0,81926800.0,163840000.0,0.125,0.25,1.0,3.4998547423568844
quantization,quantization,,,,,,,,"int4,passthrough,int8",int4,passthrough,int8,"0.1250,1.0000,0.2500",0.1250,1.0000,0.2500,100,10000,9175,0.9175,0.011576738045550882,0.4437570507079363,0.3928690011160714,655360000.0,327680000.0,163840000.0,81926800.0,327680000.0,40966800.0,0.125,1.0,0.25,2.545377714095988
quantization,quantization,,,,,,,,"int4,int8,int8",int4,int8,int8,"0.1250,0.2500,0.2500",0.1250,0.2500,0.2500,100,10000,9175,0.9175,0.011684924052096902,0.4410032721608877,0.17858921595982144,655360000.0,327680000.0,163840000.0,81926800.0,81926800.0,40966800.0,0.125,0.25,0.25,5.599442243057821
quantization,quantization,,,,,,,,"int4,passthrough,fp16",int4,passthrough,fp16,"0.1250,1.0000,0.5000",0.1250,1.0000,0.5000,100,10000,9165,0.9165,0.011980523029342294,0.44547569923102853,0.4285829380580357,655360000.0,327680000.0,163840000.0,81926800.0,327680000.0,81926400.0,0.125,1.0,0.5,2.3332706722557095
quantization,quantization,,,,,,,,"int4,fp16,int8",int4,fp16,int8,"0.1250,0.5000,0.2500",0.1250,0.5000,0.2500,100,10000,9159,0.9159,0.011544992960989476,0.4463153441995382,0.25001743861607145,655360000.0,327680000.0,163840000.0,81926800.0,163846400.0,40966800.0,0.125,0.5,0.25,3.999721001604241
quantization,quantization,,,,,,,,"int4,fp16,passthrough",int4,fp16,passthrough,"0.1250,0.5000,1.0000",0.1250,0.5000,1.0000,100,10000,9158,0.9158,0.011477427068166434,0.46626055881381034,0.35715436662946426,655360000.0,327680000.0,163840000.0,81926800.0,163846400.0,163840000.0,0.125,0.5,1.0,2.7999097685328502
quantization,quantization,,,,,,,,"int4,passthrough,passthrough",int4,passthrough,passthrough,"0.1250,1.0000,1.0000",0.1250,1.0000,1.0000,100,10000,9156,0.9156,0.011662376010790468,0.45461390510201455,0.5000059291294643,655360000.0,327680000.0,163840000.0,81926800.0,327680000.0,163840000.0,0.125,1.0,1.0,1.999976283763376
quantization,quantization,,,,,,,,"fp16,passthrough,int4",fp16,passthrough,int4,"0.5000,1.0000,0.1250",0.5000,1.0000,0.1250,100,10000,9075,0.9075,0.012030027974396944,0.5109825257956981,0.5892972237723214,655360000.0,327680000.0,163840000.0,327686400.0,327680000.0,20486800.0,0.5,1.0,0.125,1.6969365536776329
quantization,quantization,,,,,,,,"passthrough,fp16,int4",passthrough,fp16,int4,"1.0000,0.5000,0.1250",1.0000,0.5000,0.1250,100,10000,9069,0.9069,0.011660846984013915,0.5026071730256081,0.7321543666294643,655360000.0,327680000.0,163840000.0,655360000.0,163846400.0,20486800.0,1.0,0.5,0.125,1.3658321872798302
quantization,quantization,,,,,,,,"int8,fp16,int4",int8,fp16,int4,"0.2500,0.5000,0.1250",0.2500,0.5000,0.1250,100,10000,9063,0.9063,0.011500430977903306,0.511108944863081,0.3035888671875,655360000.0,327680000.0,163840000.0,163846800.0,163846400.0,20486800.0,0.25,0.5,0.125,3.2939284278246883
quantization,quantization,,,,,,,,"int8,int8,int4",int8,int8,int4,"0.2500,0.2500,0.1250",0.2500,0.2500,0.1250,100,10000,9063,0.9063,0.01183615896385163,0.4991244991123676,0.23216064453125,655360000.0,327680000.0,163840000.0,163846800.0,81926800.0,20486800.0,0.25,0.25,0.125,4.30736226641288
quantization,quantization,,,,,,,,"passthrough,int8,int4",passthrough,int8,int4,"1.0000,0.2500,0.1250",1.0000,0.2500,0.1250,100,10000,9061,0.9061,0.012150434968061745,0.5076903541386127,0.6607261439732143,655360000.0,327680000.0,163840000.0,655360000.0,81926800.0,20486800.0,1.0,0.25,0.125,1.5134863500127216
quantization,quantization,,,,,,,,"fp16,fp16,int4",fp16,fp16,int4,"0.5000,0.5000,0.1250",0.5000,0.5000,0.1250,100,10000,9058,0.9058,0.0117263940628618,0.5031735920906066,0.44644566127232144,655360000.0,327680000.0,163840000.0,327686400.0,163846400.0,20486800.0,0.5,0.5,0.125,2.2399142532824916
quantization,quantization,,,,,,,,"int4,int4,int8",int4,int4,int8,"0.1250,0.1250,0.2500",0.1250,0.1250,0.2500,100,10000,9046,0.9046,0.011485135084949433,0.5338261667639017,0.14287493024553571,655360000.0,327680000.0,163840000.0,81926800.0,40966800.0,40966800.0,0.125,0.125,0.25,6.999128526477416
quantization,quantization,,,,,,,,"int4,int4,fp16",int4,int4,fp16,"0.1250,0.1250,0.5000",0.1250,0.1250,0.5000,100,10000,9042,0.9042,0.011802564924582839,0.5227671645581722,0.1785888671875,655360000.0,327680000.0,163840000.0,81926800.0,40966800.0,81926400.0,0.125,0.125,0.5,5.599453178400547
quantization,quantization,,,,,,,,"fp16,int8,int4",fp16,int8,int4,"0.5000,0.2500,0.1250",0.5000,0.2500,0.1250,100,10000,9041,0.9041,0.011847728006541729,0.51265620008111,0.37501743861607145,655360000.0,327680000.0,163840000.0,327686400.0,81926800.0,20486800.0,0.5,0.25,0.125,2.6665426644966286
quantization,quantization,,,,,,,,"int4,int4,passthrough",int4,int4,passthrough,"0.1250,0.1250,1.0000",0.1250,0.1250,1.0000,100,10000,9039,0.9039,0.01177541199605912,0.5171624551713466,0.2500118582589286,655360000.0,327680000.0,163840000.0,81926800.0,40966800.0,163840000.0,0.125,0.125,1.0,3.9998102768562873
quantization,quantization,,,,,,,,"passthrough,passthrough,int4",passthrough,passthrough,int4,"1.0000,1.0000,0.1250",1.0000,1.0000,0.1250,100,10000,9036,0.9036,0.011898334953002632,0.5264214419573545,0.8750059291294643,655360000.0,327680000.0,163840000.0,655360000.0,327680000.0,20486800.0,1.0,1.0,0.125,1.142849398740522
quantization,quantization,,,,,,,,"int8,passthrough,int4",int8,passthrough,int4,"0.2500,1.0000,0.1250",0.2500,1.0000,0.1250,100,10000,9034,0.9034,0.011974468990229071,0.5165286357700825,0.4464404296875,655360000.0,327680000.0,163840000.0,163846800.0,327680000.0,20486800.0,0.25,1.0,0.125,2.239940501580427
quantization,quantization,,,,,,,,"passthrough,int4,int4",passthrough,int4,int4,"1.0000,0.1250,0.1250",1.0000,0.1250,0.1250,100,10000,8966,0.8966,0.01190727099776268,0.5706083969771862,0.6250118582589286,655360000.0,327680000.0,163840000.0,655360000.0,40966800.0,20486800.0,1.0,0.125,0.125,1.5999696434331045
quantization,quantization,,,,,,,,"fp16,int4,int4",fp16,int4,int4,"0.5000,0.1250,0.1250",0.5000,0.1250,0.1250,100,10000,8948,0.8948,0.01217302898876369,0.5672707693278789,0.3393031529017857,655360000.0,327680000.0,163840000.0,327686400.0,40966800.0,20486800.0,0.5,0.125,0.125,2.9472169399187953
quantization,quantization,,,,,,,,"int8,int4,int4",int8,int4,int4,"0.2500,0.1250,0.1250",0.2500,0.1250,0.1250,100,10000,8928,0.8928,0.011913720960728824,0.5968388609588147,0.1964463588169643,655360000.0,327680000.0,163840000.0,163846800.0,40966800.0,20486800.0,0.25,0.125,0.125,5.0904481305847655
quantization,quantization,,,,,,,,"int4,passthrough,int4",int4,passthrough,int4,"0.1250,1.0000,0.1250",0.1250,1.0000,0.1250,100,10000,8914,0.8914,0.011722152950242162,0.5992753058671951,0.3750118582589286,655360000.0,327680000.0,163840000.0,81926800.0,327680000.0,20486800.0,0.125,1.0,0.125,2.666582343936297
quantization,quantization,,,,,,,,"int4,int8,int4",int4,int8,int4,"0.1250,0.2500,0.1250",0.1250,0.2500,0.1250,100,10000,8870,0.887,0.011678436994552613,0.6268868690729141,0.16073207310267856,655360000.0,327680000.0,163840000.0,81926800.0,81926800.0,20486800.0,0.125,0.25,0.125,6.2215336410249735
quantization,quantization,,,,,,,,"int4,fp16,int4",int4,fp16,int4,"0.1250,0.5000,0.1250",0.1250,0.5000,0.1250,100,10000,8847,0.8847,0.011681157019920648,0.6388274392485619,0.23216029575892858,655360000.0,327680000.0,163840000.0,81926800.0,163846400.0,20486800.0,0.125,0.5,0.125,4.30736873732442
quantization,quantization,,,,,,,,"int4,int4,int4",int4,int4,int4,"0.1250,0.1250,0.1250",0.1250,0.1250,0.1250,100,10000,8711,0.8711,0.011620524981990456,0.7295128855109215,0.12501778738839286,655360000.0,327680000.0,163840000.0,81926800.0,40966800.0,20486800.0,0.125,0.125,0.125,7.9988617691120965
quantization,quantization,,,,,,,,"int4,int4,int2",int4,int4,int2,"0.1250,0.1250,0.0625",0.1250,0.1250,0.0625,100,10000,2185,0.2185,0.011875523999333382,2.1487948203086855,0.11608921595982143,655360000.0,327680000.0,163840000.0,81926800.0,40966800.0,10246800.0,0.125,0.125,0.0625,8.614064551405884
quantization,quantization,,,,,,,,"int4,passthrough,int2",int4,passthrough,int2,"0.1250,1.0000,0.0625",0.1250,1.0000,0.0625,100,10000,2172,0.2172,0.011676048948429526,2.142879685163498,0.3660832868303571,655360000.0,327680000.0,163840000.0,81926800.0,327680000.0,10246800.0,0.125,1.0,0.0625,2.731618830944882
quantization,quantization,,,,,,,,"passthrough,int4,int2",passthrough,int4,int2,"1.0000,0.1250,0.0625",1.0000,0.1250,0.0625,100,10000,2147,0.2147,0.011919376053847373,2.152807548046112,0.6160832868303572,655360000.0,327680000.0,163840000.0,655360000.0,40966800.0,10246800.0,1.0,0.125,0.0625,1.6231571629622166
quantization,quantization,,,,,,,,"int4,fp16,int2",int4,fp16,int2,"0.1250,0.5000,0.0625",0.1250,0.5000,0.0625,100,10000,2142,0.2142,0.011612464943900704,2.153240922689438,0.22323172433035715,655360000.0,327680000.0,163840000.0,81926800.0,163846400.0,10246800.0,0.125,0.5,0.0625,4.479650027341614
quantization,quantization,,,,,,,,"int4,int8,int2",int4,int8,int2,"0.1250,0.2500,0.0625",0.1250,0.2500,0.0625,100,10000,2135,0.2135,0.01167763997334987,2.149938566684723,0.15180350167410714,655360000.0,327680000.0,163840000.0,81926800.0,81926800.0,10246800.0,0.125,0.25,0.0625,6.58746332575916
quantization,quantization,,,,,,,,"fp16,int4,int2",fp16,int4,int2,"0.5000,0.1250,0.0625",0.5000,0.1250,0.0625,100,10000,2098,0.2098,0.011928387004882097,2.1570614445209504,0.3303745814732143,655360000.0,327680000.0,163840000.0,327686400.0,40966800.0,10246800.0,0.5,0.125,0.0625,3.026867247294801
quantization,quantization,,,,,,,,"passthrough,passthrough,int2",passthrough,passthrough,int2,"1.0000,1.0000,0.0625",1.0000,1.0000,0.0625,100,10000,2092,0.2092,0.011751671023666858,2.155617582798004,0.8660773577008929,655360000.0,327680000.0,163840000.0,655360000.0,327680000.0,10246800.0,1.0,1.0,0.0625,1.1546312706461015
quantization,quantization,,,,,,,,"passthrough,fp16,int2",passthrough,fp16,int2,"1.0000,0.5000,0.0625",1.0000,0.5000,0.0625,100,10000,2092,0.2092,0.012264716988429427,2.155580070018768,0.7232257952008928,655360000.0,327680000.0,163840000.0,655360000.0,163846400.0,10246800.0,1.0,0.5,0.0625,1.3826940447031852
quantization,quantization,,,,,,,,"fp16,passthrough,int2",fp16,passthrough,int2,"0.5000,1.0000,0.0625",0.5000,1.0000,0.0625,100,10000,2091,0.2091,0.011655131010338665,2.1557167851924897,0.58036865234375,655360000.0,327680000.0,163840000.0,327686400.0,327680000.0,10246800.0,0.5,1.0,0.0625,1.7230427521569585
quantization,quantization,,,,,,,,"fp16,fp16,int2",fp16,fp16,int2,"0.5000,0.5000,0.0625",0.5000,0.5000,0.0625,100,10000,2091,0.2091,0.012162789031863212,2.1557614684104918,0.43751708984375,655360000.0,327680000.0,163840000.0,327686400.0,163846400.0,10246800.0,0.5,0.5,0.0625,2.285625003487587
quantization,quantization,,,,,,,,"passthrough,int8,int2",passthrough,int8,int2,"1.0000,0.2500,0.0625",1.0000,0.2500,0.0625,100,10000,2077,0.2077,0.011886939033865928,2.1558382403850556,0.6517975725446429,655360000.0,327680000.0,163840000.0,655360000.0,81926800.0,10246800.0,1.0,0.25,0.0625,1.534218662545737
quantization,quantization,,,,,,,,"int8,fp16,int2",int8,fp16,int2,"0.2500,0.5000,0.0625",0.2500,0.5000,0.0625,100,10000,2075,0.2075,0.011478677038103341,2.1560115230083468,0.29466029575892855,655360000.0,327680000.0,163840000.0,163846800.0,163846400.0,10246800.0,0.25,0.5,0.0625,3.3937385334674794
quantization,quantization,,,,,,,,"int8,passthrough,int2",int8,passthrough,int2,"0.2500,1.0000,0.0625",0.2500,1.0000,0.0625,100,10000,2075,0.2075,0.011601249985396862,2.1559668028354646,0.4375118582589286,655360000.0,327680000.0,163840000.0,163846800.0,327680000.0,10246800.0,0.25,1.0,0.0625,2.285652334040691
quantization,quantization,,,,,,,,"int8,int8,int2",int8,int8,int2,"0.2500,0.2500,0.0625",0.2500,0.2500,0.0625,100,10000,2075,0.2075,0.01185559097211808,2.156161891222,0.22323207310267856,655360000.0,327680000.0,163840000.0,163846800.0,81926800.0,10246800.0,0.25,0.25,0.0625,4.479643028446171
quantization,quantization,,,,,,,,"fp16,int8,int2",fp16,int8,int2,"0.5000,0.2500,0.0625",0.5000,0.2500,0.0625,100,10000,2075,0.2075,0.012108227047137916,2.155696939229965,0.3660888671875,655360000.0,327680000.0,163840000.0,327686400.0,81926800.0,10246800.0,0.5,0.25,0.0625,2.7315771923974657
quantization,quantization,,,,,,,,"int8,int4,int2",int8,int4,int2,"0.2500,0.1250,0.0625",0.2500,0.1250,0.0625,100,10000,2070,0.207,0.01151123597752303,2.1578720450401305,0.18751778738839286,655360000.0,327680000.0,163840000.0,163846800.0,40966800.0,10246800.0,0.25,0.125,0.0625,5.332827428945543
quantization,quantization,,,,,,,,"fp16,int2,int4",fp16,int2,int4,"0.5000,0.0625,0.1250",0.5000,0.0625,0.1250,100,10000,1893,0.1893,0.01154413700569421,2.7807850074768066,0.32144601004464285,655360000.0,327680000.0,163840000.0,327686400.0,20486800.0,20486800.0,0.5,0.0625,0.125,3.110942331687734
quantization,quantization,,,,,,,,"int8,int2,int4",int8,int2,int4,"0.2500,0.0625,0.1250",0.2500,0.0625,0.1250,100,10000,1848,0.1848,0.012261976995505392,2.785228481292725,0.17858921595982144,655360000.0,327680000.0,163840000.0,163846800.0,20486800.0,20486800.0,0.25,0.0625,0.125,5.599442243057821
quantization,quantization,,,,,,,,"int4,int2,int4",int4,int2,int4,"0.1250,0.0625,0.1250",0.1250,0.0625,0.1250,100,10000,1837,0.1837,0.011680593970231712,2.8624217534065246,0.10716064453125,655360000.0,327680000.0,163840000.0,81926800.0,20486800.0,20486800.0,0.125,0.0625,0.125,9.33178411136172
quantization,quantization,,,,,,,,"passthrough,int2,int4",passthrough,int2,int4,"1.0000,0.0625,0.1250",1.0000,0.0625,0.1250,100,10000,1796,0.1796,0.011715112035162747,2.7906845951080324,0.6071547154017857,655360000.0,327680000.0,163840000.0,655360000.0,20486800.0,20486800.0,1.0,0.0625,0.125,1.6470266550400554
quantization,quantization,,,,,,,,"int8,int2,int8",int8,int2,int8,"0.2500,0.0625,0.2500",0.2500,0.0625,0.2500,100,10000,1725,0.1725,0.011793990037404,2.6541406500339506,0.1964463588169643,655360000.0,327680000.0,163840000.0,163846800.0,20486800.0,40966800.0,0.25,0.0625,0.25,5.0904481305847655
quantization,quantization,,,,,,,,"fp16,int2,int8",fp16,int2,int8,"0.5000,0.0625,0.2500",0.5000,0.0625,0.2500,100,10000,1720,0.172,0.011845768988132476,2.650100258588791,0.3393031529017857,655360000.0,327680000.0,163840000.0,327686400.0,20486800.0,40966800.0,0.5,0.0625,0.25,2.9472169399187953
quantization,quantization,,,,,,,,"passthrough,int2,int8",passthrough,int2,int8,"1.0000,0.0625,0.2500",1.0000,0.0625,0.2500,100,10000,1719,0.1719,0.012063676975667476,2.6505337047576902,0.6250118582589286,655360000.0,327680000.0,163840000.0,655360000.0,20486800.0,40966800.0,1.0,0.0625,0.25,1.5999696434331045
quantization,quantization,,,,,,,,"fp16,int2,passthrough",fp16,int2,passthrough,"0.5000,0.0625,1.0000",0.5000,0.0625,1.0000,100,10000,1718,0.1718,0.011238638977520168,2.6545416831970217,0.44644008091517856,655360000.0,327680000.0,163840000.0,327686400.0,20486800.0,163840000.0,0.5,0.0625,1.0,2.239942251488829
quantization,quantization,,,,,,,,"fp16,int2,fp16",fp16,int2,fp16,"0.5000,0.0625,0.5000",0.5000,0.0625,0.5000,100,10000,1718,0.1718,0.01174284498207271,2.6545414876937867,0.37501708984375,655360000.0,327680000.0,163840000.0,327686400.0,20486800.0,81926400.0,0.5,0.0625,0.5,2.666545144427012
quantization,quantization,,,,,,,,"passthrough,int2,fp16",passthrough,int2,fp16,"1.0000,0.0625,0.5000",1.0000,0.0625,0.5000,100,10000,1716,0.1716,0.011655338942073285,2.6550003492832186,0.6607257952008928,655360000.0,327680000.0,163840000.0,655360000.0,20486800.0,81926400.0,1.0,0.0625,0.5,1.5134871489252986
quantization,quantization,,,,,,,,"passthrough,int2,passthrough",passthrough,int2,passthrough,"1.0000,0.0625,1.0000",1.0000,0.0625,1.0000,100,10000,1716,0.1716,0.012143418975174427,2.654997390508652,0.7321487862723214,655360000.0,327680000.0,163840000.0,655360000.0,20486800.0,163840000.0,1.0,0.0625,1.0,1.3658425975018305
quantization,quantization,,,,,,,,"int8,int2,passthrough",int8,int2,passthrough,"0.2500,0.0625,1.0000",0.2500,0.0625,1.0000,100,10000,1715,0.1715,0.011740914075635373,2.658302081823349,0.3035832868303571,655360000.0,327680000.0,163840000.0,163846800.0,20486800.0,163840000.0,0.25,0.0625,1.0,3.2939889756144636
quantization,quantization,,,,,,,,"int8,int2,fp16",int8,int2,fp16,"0.2500,0.0625,0.5000",0.2500,0.0625,0.5000,100,10000,1715,0.1715,0.011951435948722064,2.6583065485954283,0.23216029575892858,655360000.0,327680000.0,163840000.0,163846800.0,20486800.0,81926400.0,0.25,0.0625,0.5,4.30736873732442
quantization,quantization,,,,,,,,"passthrough,int2,int2",passthrough,int2,int2,"1.0000,0.0625,0.0625",1.0000,0.0625,0.0625,100,10000,1701,0.1701,0.011719386973418296,2.2457857966423034,0.5982261439732143,655360000.0,327680000.0,163840000.0,655360000.0,20486800.0,10246800.0,1.0,0.0625,0.0625,1.6716086551455953
quantization,quantization,,,,,,,,"fp16,int2,int2",fp16,int2,int2,"0.5000,0.0625,0.0625",0.5000,0.0625,0.0625,100,10000,1700,0.17,0.011459054993465542,2.245904064178467,0.31251743861607145,655360000.0,327680000.0,163840000.0,327686400.0,20486800.0,10246800.0,0.5,0.0625,0.0625,3.199821438535796
quantization,quantization,,,,,,,,"int4,int2,fp16",int4,int2,fp16,"0.1250,0.0625,0.5000",0.1250,0.0625,0.5000,100,10000,1699,0.1699,0.011456360956653953,2.6206989598274233,0.16073172433035715,655360000.0,327680000.0,163840000.0,81926800.0,20486800.0,81926400.0,0.125,0.0625,0.5,6.221547141152219
quantization,quantization,,,,,,,,"int8,int2,int2",int8,int2,int2,"0.2500,0.0625,0.0625",0.2500,0.0625,0.0625,100,10000,1699,0.1699,0.012417283030226827,2.2477805399894715,0.16966064453125,655360000.0,327680000.0,163840000.0,163846800.0,20486800.0,10246800.0,0.25,0.0625,0.0625,5.894118832112587
quantization,quantization,,,,,,,,"int4,int2,passthrough",int4,int2,passthrough,"0.1250,0.0625,1.0000",0.1250,0.0625,1.0000,100,10000,1683,0.1683,0.011943670995533466,2.599470924139023,0.23215471540178573,655360000.0,327680000.0,163840000.0,81926800.0,20486800.0,163840000.0,0.125,0.0625,1.0,4.307472274553283
quantization,quantization,,,,,,,,"int4,int2,int8",int4,int2,int8,"0.1250,0.0625,0.2500",0.1250,0.0625,0.2500,100,10000,1655,0.1655,0.011632472015917302,2.6097668027877807,0.12501778738839286,655360000.0,327680000.0,163840000.0,81926800.0,20486800.0,40966800.0,0.125,0.0625,0.25,7.9988617691120965
quantization,quantization,,,,,,,,"int4,int2,int2",int4,int2,int2,"0.1250,0.0625,0.0625",0.1250,0.0625,0.0625,100,10000,1620,0.162,0.011717670001089572,2.27604110956192,0.09823207310267858,655360000.0,327680000.0,163840000.0,81926800.0,20486800.0,10246800.0,0.125,0.0625,0.0625,10.17997450745781
quantization,quantization,,,,,,,,"int2,int4,passthrough",int2,int4,passthrough,"0.0625,0.1250,1.0000",0.0625,0.1250,1.0000,100,10000,1240,0.124,0.01144693098962307,4.103052895069123,0.21429757254464285,655360000.0,327680000.0,163840000.0,40966800.0,40966800.0,163840000.0,0.0625,0.125,1.0,4.666408434429084
quantization,quantization,,,,,,,,"int2,int4,int8",int2,int4,int8,"0.0625,0.1250,0.2500",0.0625,0.1250,0.2500,100,10000,1232,0.1232,0.012075265971943736,4.119689588546753,0.10716064453125,655360000.0,327680000.0,163840000.0,40966800.0,40966800.0,40966800.0,0.0625,0.125,0.25,9.33178411136172
quantization,quantization,,,,,,,,"int2,int4,fp16",int2,int4,fp16,"0.0625,0.1250,0.5000",0.0625,0.1250,0.5000,100,10000,1220,0.122,0.011999205993488431,4.112656016349792,0.14287458147321427,655360000.0,327680000.0,163840000.0,40966800.0,40966800.0,81926400.0,0.0625,0.125,0.5,6.999145612107897
quantization,quantization,,,,,,,,"int2,int4,int4",int2,int4,int4,"0.0625,0.1250,0.1250",0.0625,0.1250,0.1250,100,10000,1208,0.1208,0.011801663991063834,4.922906205654145,0.08930350167410714,655360000.0,327680000.0,163840000.0,40966800.0,40966800.0,20486800.0,0.0625,0.125,0.125,11.1977691944183
quantization,quantization,,,,,,,,"int2,int8,int8",int2,int8,int8,"0.0625,0.2500,0.2500",0.0625,0.2500,0.2500,100,10000,1173,0.1173,0.011642437051050366,3.2296480894088746,0.14287493024553571,655360000.0,327680000.0,163840000.0,40966800.0,81926800.0,40966800.0,0.0625,0.25,0.25,6.999128526477416
quantization,quantization,,,,,,,,"int2,fp16,fp16",int2,fp16,fp16,"0.0625,0.5000,0.5000",0.0625,0.5000,0.5000,100,10000,1172,0.1172,0.011522082956507801,3.2276965856552122,0.25001708984375,655360000.0,327680000.0,163840000.0,40966800.0,163846400.0,81926400.0,0.0625,0.5,0.5,3.999726581190739
quantization,quantization,,,,,,,,"int2,passthrough,fp16",int2,passthrough,fp16,"0.0625,1.0000,0.5000",0.0625,1.0000,0.5000,100,10000,1172,0.1172,0.011526733948849142,3.227691977024078,0.39286865234375,655360000.0,327680000.0,163840000.0,40966800.0,327680000.0,81926400.0,0.0625,1.0,0.5,2.5453799737756264
quantization,quantization,,,,,,,,"int2,fp16,passthrough",int2,fp16,passthrough,"0.0625,0.5000,1.0000",0.0625,0.5000,1.0000,100,10000,1172,0.1172,0.011560826976783574,3.227692723274231,0.32144008091517856,655360000.0,327680000.0,163840000.0,40966800.0,163846400.0,163840000.0,0.0625,0.5,1.0,3.110999714636954
quantization,quantization,,,,,,,,"int2,passthrough,passthrough",int2,passthrough,passthrough,"0.0625,1.0000,1.0000",0.0625,1.0000,1.0000,100,10000,1172,0.1172,0.011885782033205032,3.2276935172080994,0.4642916434151786,655360000.0,327680000.0,163840000.0,40966800.0,327680000.0,163840000.0,0.0625,1.0,1.0,2.15381864865007
quantization,quantization,,,,,,,,"int2,int8,fp16",int2,int8,fp16,"0.0625,0.2500,0.5000",0.0625,0.2500,0.5000,100,10000,1169,0.1169,0.011984092965722084,3.2301932644844054,0.1785888671875,655360000.0,327680000.0,163840000.0,40966800.0,81926800.0,81926400.0,0.0625,0.25,0.5,5.599453178400547
quantization,quantization,,,,,,,,"int2,int8,passthrough",int2,int8,passthrough,"0.0625,0.2500,1.0000",0.0625,0.2500,1.0000,100,10000,1169,0.1169,0.01199673105031252,3.230187327861786,0.2500118582589286,655360000.0,327680000.0,163840000.0,40966800.0,81926800.0,163840000.0,0.0625,0.25,1.0,3.9998102768562873
quantization,quantization,,,,,,,,"int2,passthrough,int8",int2,passthrough,int8,"0.0625,1.0000,0.2500",0.0625,1.0000,0.2500,100,10000,1165,0.1165,0.011337399957701564,3.227530379295349,0.3571547154017857,655360000.0,327680000.0,163840000.0,40966800.0,327680000.0,40966800.0,0.0625,1.0,0.25,2.7999070343367505
quantization,quantization,,,,,,,,"int2,fp16,int8",int2,fp16,int8,"0.0625,0.5000,0.2500",0.0625,0.5000,0.2500,100,10000,1165,0.1165,0.011849323976784945,3.227556838989258,0.21430315290178573,655360000.0,327680000.0,163840000.0,40966800.0,163846400.0,40966800.0,0.0625,0.5,0.25,4.666286923264709
quantization,quantization,,,,,,,,"int2,int8,int4",int2,int8,int4,"0.0625,0.2500,0.1250",0.0625,0.2500,0.1250,100,10000,1125,0.1125,0.01224638597574085,3.577342936992645,0.12501778738839286,655360000.0,327680000.0,163840000.0,40966800.0,81926800.0,20486800.0,0.0625,0.25,0.125,7.9988617691120965
quantization,quantization,,,,,,,,"int2,passthrough,int4",int2,passthrough,int4,"0.0625,1.0000,0.1250",0.0625,1.0000,0.1250,100,10000,1123,0.1123,0.0115555589646101,3.5687413477897643,0.3392975725446429,655360000.0,327680000.0,163840000.0,40966800.0,327680000.0,20486800.0,0.0625,1.0,0.125,2.9472654121874853
quantization,quantization,,,,,,,,"int2,fp16,int4",int2,fp16,int4,"0.0625,0.5000,0.1250",0.0625,0.5000,0.1250,100,10000,1084,0.1084,0.01194865399505943,3.5735719108581545,0.19644601004464285,655360000.0,327680000.0,163840000.0,40966800.0,163846400.0,20486800.0,0.0625,0.5,0.125,5.0904571682201505
quantization,quantization,,,,,,,,"int2,int4,int2",int2,int4,int2,"0.0625,0.1250,0.0625",0.0625,0.1250,0.0625,100,10000,1035,0.1035,0.011700448063202203,2.3278423500061036,0.08037493024553571,655360000.0,327680000.0,163840000.0,40966800.0,40966800.0,10246800.0,0.0625,0.125,0.0625,12.44169042442862
quantization,quantization,,,,,,,,"int2,int2,int4",int2,int2,int4,"0.0625,0.0625,0.1250",0.0625,0.0625,0.1250,100,10000,1025,0.1025,0.011257286043837666,3.1412405228614806,0.07144635881696429,655360000.0,327680000.0,163840000.0,40966800.0,20486800.0,20486800.0,0.0625,0.0625,0.125,13.996514539836271
quantization,quantization,,,,,,,,"int2,fp16,int2",int2,fp16,int2,"0.0625,0.5000,0.0625",0.0625,0.5000,0.0625,100,10000,1014,0.1014,0.011740669016726315,2.3269189977645874,0.18751743861607142,655360000.0,327680000.0,163840000.0,40966800.0,163846400.0,10246800.0,0.0625,0.5,0.0625,5.332837347716916
quantization,quantization,,,,,,,,"int2,passthrough,int2",int2,passthrough,int2,"0.0625,1.0000,0.0625",0.0625,1.0000,0.0625,100,10000,1013,0.1013,0.011488969991914929,2.326914710998535,0.3303690011160714,655360000.0,327680000.0,163840000.0,40966800.0,327680000.0,10246800.0,0.0625,1.0,0.0625,3.0269183749738713
quantization,quantization,,,,,,,,"int2,int8,int2",int2,int8,int2,"0.0625,0.2500,0.0625",0.0625,0.2500,0.0625,100,10000,1012,0.1012,0.012117873067036272,2.326906137466431,0.11608921595982143,655360000.0,327680000.0,163840000.0,40966800.0,81926800.0,10246800.0,0.0625,0.25,0.0625,8.614064551405884
quantization,quantization,,,,,,,,"int2,int2,int8",int2,int2,int8,"0.0625,0.0625,0.2500",0.0625,0.0625,0.2500,100,10000,1010,0.101,0.012057920936495065,3.2564440298080446,0.08930350167410714,655360000.0,327680000.0,163840000.0,40966800.0,20486800.0,40966800.0,0.0625,0.0625,0.25,11.1977691944183
quantization,quantization,,,,,,,,"int2,int2,int2",int2,int2,int2,"0.0625,0.0625,0.0625",0.0625,0.0625,0.0625,100,10000,1008,0.1008,0.011149072032421827,2.3576688051223753,0.06251778738839285,655360000.0,327680000.0,163840000.0,40966800.0,20486800.0,10246800.0,0.0625,0.0625,0.0625,15.995447724141009
quantization,quantization,,,,,,,,"int2,int2,passthrough",int2,int2,passthrough,"0.0625,0.0625,1.0000",0.0625,0.0625,1.0000,100,10000,1007,0.1007,0.01181267405860126,3.268434994220734,0.1964404296875,655360000.0,327680000.0,163840000.0,40966800.0,20486800.0,163840000.0,0.0625,0.0625,1.0,5.090601774750814
quantization,quantization,,,,,,,,"int2,int2,fp16",int2,int2,fp16,"0.0625,0.0625,0.5000",0.0625,0.0625,0.5000,100,10000,1007,0.1007,0.012659264029935002,3.268439679145813,0.12501743861607142,655360000.0,327680000.0,163840000.0,40966800.0,20486800.0,81926400.0,0.0625,0.0625,0.5,7.998884084251639
